id,image_file,class_label
347,007.Parakeet_Auklet/Parakeet_Auklet_0062_795958.jpg,6
3567,062.Herring_Gull/Herring_Gull_0024_48309.jpg,61
5879,101.White_Pelican/White_Pelican_0037_95570.jpg,100
10894,185.Bohemian_Waxwing/Bohemian_Waxwing_0006_796651.jpg,184
9144,156.White_eyed_Vireo/White_Eyed_Vireo_0012_159495.jpg,155
4923,085.Horned_Lark/Horned_Lark_0133_73882.jpg,84
218,004.Groove_billed_Ani/Groove_Billed_Ani_0044_1731.jpg,3
2089,037.Acadian_Flycatcher/Acadian_Flycatcher_0007_795600.jpg,36
2683,047.American_Goldfinch/American_Goldfinch_0041_31969.jpg,46
15,001.Black_footed_Albatross/Black_Footed_Albatross_0040_796066.jpg,0
4023,070.Green_Violetear/Green_Violetear_0067_795674.jpg,69
1571,028.Brown_Creeper/Brown_Creeper_0115_24488.jpg,27
4961,085.Horned_Lark/Horned_Lark_0134_74689.jpg,84
3675,064.Ring_billed_Gull/Ring_Billed_Gull_0129_51246.jpg,63
1897,034.Gray_crowned_Rosy_Finch/Gray_Crowned_Rosy_Finch_0006_797284.jpg,33
891,016.Painted_Bunting/Painted_Bunting_0056_16599.jpg,15
3289,057.Rose_breasted_Grosbeak/Rose_Breasted_Grosbeak_0062_39234.jpg,56
8816,150.Sage_Thrasher/Sage_Thrasher_0077_155608.jpg,149
11,001.Black_footed_Albatross/Black_Footed_Albatross_0023_796059.jpg,0
11095,189.Red_bellied_Woodpecker/Red_Bellied_Woodpecker_0103_180803.jpg,188
4391,076.Dark_eyed_Junco/Dark_Eyed_Junco_0088_66722.jpg,75
4557,079.Belted_Kingfisher/Belted_Kingfisher_0054_70424.jpg,78
9824,167.Hooded_Warbler/Hooded_Warbler_0041_164807.jpg,166
11584,197.Marsh_Wren/Marsh_Wren_0005_188235.jpg,196
9142,156.White_eyed_Vireo/White_Eyed_Vireo_0066_159477.jpg,155
7758,133.White_throated_Sparrow/White_Throated_Sparrow_0112_129101.jpg,132
8462,144.Common_Tern/Common_Tern_0053_148472.jpg,143
6819,117.Clay_colored_Sparrow/Clay_Colored_Sparrow_0044_110942.jpg,116
3564,062.Herring_Gull/Herring_Gull_0116_47222.jpg,61
2787,049.Boat_tailed_Grackle/Boat_Tailed_Grackle_0030_33615.jpg,48
1122,021.Eastern_Towhee/Eastern_Towhee_0099_22566.jpg,20
2948,051.Horned_Grebe/Horned_Grebe_0011_34687.jpg,50
8717,149.Brown_Thrasher/Brown_Thrasher_0112_155183.jpg,148
2465,043.Yellow_bellied_Flycatcher/Yellow_Bellied_Flycatcher_0054_42709.jpg,42
331,007.Parakeet_Auklet/Parakeet_Auklet_0007_795932.jpg,6
9967,170.Mourning_Warbler/Mourning_Warbler_0062_166531.jpg,169
9578,163.Cape_May_Warbler/Cape_May_Warbler_0077_162979.jpg,162
4385,076.Dark_eyed_Junco/Dark_Eyed_Junco_0103_67700.jpg,75
4114,071.Long_tailed_Jaeger/Long_Tailed_Jaeger_0070_797090.jpg,70
11317,193.Bewick_Wren/Bewick_Wren_0023_185400.jpg,192
2933,051.Horned_Grebe/Horned_Grebe_0006_34718.jpg,50
8470,145.Elegant_Tern/Elegant_Tern_0034_45914.jpg,144
2512,044.Frigatebird/Frigatebird_0045_42823.jpg,43
4726,081.Pied_Kingfisher/Pied_Kingfisher_0011_72143.jpg,80
7958,136.Barn_Swallow/Barn_Swallow_0030_130191.jpg,135
4809,083.White_breasted_Kingfisher/White_Breasted_Kingfisher_0087_73264.jpg,82
1460,026.Bronzed_Cowbird/Bronzed_Cowbird_0074_24045.jpg,25
2199,039.Least_Flycatcher/Least_Flycatcher_0049_30361.jpg,38
5737,098.Scott_Oriole/Scott_Oriole_0067_795858.jpg,97
3597,062.Herring_Gull/Herring_Gull_0026_48041.jpg,61
5469,094.White_breasted_Nuthatch/White_Breasted_Nuthatch_0049_86557.jpg,93
11280,192.Downy_Woodpecker/Downy_Woodpecker_0136_184534.jpg,191
1854,033.Yellow_billed_Cuckoo/Yellow_Billed_Cuckoo_0026_26794.jpg,32
8178,140.Summer_Tanager/Summer_Tanager_0037_140330.jpg,139
7896,135.Bank_Swallow/Bank_Swallow_0030_129560.jpg,134
6319,108.White_necked_Raven/White_Necked_Raven_0067_102630.jpg,107
1895,034.Gray_crowned_Rosy_Finch/Gray_Crowned_Rosy_Finch_0044_26976.jpg,33
4296,074.Florida_Jay/Florida_Jay_0108_64694.jpg,73
9841,168.Kentucky_Warbler/Kentucky_Warbler_0055_165426.jpg,167
4786,082.Ringed_Kingfisher/Ringed_Kingfisher_0008_72943.jpg,81
2345,041.Scissor_tailed_Flycatcher/Scissor_Tailed_Flycatcher_0097_41701.jpg,40
4008,069.Rufous_Hummingbird/Rufous_Hummingbird_0045_59533.jpg,68
5054,087.Mallard/Mallard_0050_76519.jpg,86
11573,197.Marsh_Wren/Marsh_Wren_0062_188158.jpg,196
7381,126.Nelson_Sharp_tailed_Sparrow/Nelson_Sharp_Tailed_Sparrow_0038_796920.jpg,125
11471,195.Carolina_Wren/Carolina_Wren_0029_186212.jpg,194
5573,096.Hooded_Oriole/Hooded_Oriole_0117_90464.jpg,95
9041,154.Red_eyed_Vireo/Red_Eyed_Vireo_0095_157082.jpg,153
5821,100.Brown_Pelican/Brown_Pelican_0123_94368.jpg,99
11396,194.Cactus_Wren/Cactus_Wren_0075_186066.jpg,193
2700,047.American_Goldfinch/American_Goldfinch_0106_32182.jpg,46
7886,135.Bank_Swallow/Bank_Swallow_0003_129623.jpg,134
5439,093.Clark_Nutcracker/Clark_Nutcracker_0026_84945.jpg,92
2487,044.Frigatebird/Frigatebird_0080_43064.jpg,43
3516,061.Heermann_Gull/Heermann_Gull_0135_45283.jpg,60
3812,066.Western_Gull/Western_Gull_0036_54329.jpg,65
7957,136.Barn_Swallow/Barn_Swallow_0049_130181.jpg,135
3134,055.Evening_Grosbeak/Evening_Grosbeak_0011_37913.jpg,54
428,009.Brewer_Blackbird/Brewer_Blackbird_0082_2593.jpg,8
7774,133.White_throated_Sparrow/White_Throated_Sparrow_0031_128808.jpg,132
7525,129.Song_Sparrow/Song_Sparrow_0020_121490.jpg,128
5163,089.Hooded_Merganser/Hooded_Merganser_0013_796754.jpg,88
3784,066.Western_Gull/Western_Gull_0124_53838.jpg,65
7536,129.Song_Sparrow/Song_Sparrow_0087_121062.jpg,128
1658,030.Fish_Crow/Fish_Crow_0033_25915.jpg,29
10018,171.Myrtle_Warbler/Myrtle_Warbler_0072_166702.jpg,170
3232,056.Pine_Grosbeak/Pine_Grosbeak_0082_38552.jpg,55
5961,102.Western_Wood_Pewee/Western_Wood_Pewee_0076_98002.jpg,101
182,004.Groove_billed_Ani/Groove_Billed_Ani_0069_1546.jpg,3
138,003.Sooty_Albatross/Sooty_Albatross_0055_1160.jpg,2
10753,183.Northern_Waterthrush/Northern_Waterthrush_0024_177293.jpg,182
7976,136.Barn_Swallow/Barn_Swallow_0064_132688.jpg,135
3620,063.Ivory_Gull/Ivory_Gull_0107_49186.jpg,62
5367,092.Nighthawk/Nighthawk_0051_82619.jpg,91
3853,067.Anna_Hummingbird/Anna_Hummingbird_0121_56436.jpg,66
4881,084.Red_legged_Kittiwake/Red_Legged_Kittiwake_0024_795441.jpg,83
10406,177.Prothonotary_Warbler/Prothonotary_Warbler_0098_173913.jpg,176
4954,085.Horned_Lark/Horned_Lark_0069_74093.jpg,84
1669,030.Fish_Crow/Fish_Crow_0044_25964.jpg,29
11475,195.Carolina_Wren/Carolina_Wren_0043_186286.jpg,194
5611,096.Hooded_Oriole/Hooded_Oriole_0043_90499.jpg,95
97,002.Laysan_Albatross/Laysan_Albatross_0096_673.jpg,1
1868,033.Yellow_billed_Cuckoo/Yellow_Billed_Cuckoo_0069_26597.jpg,32
10867,185.Bohemian_Waxwing/Bohemian_Waxwing_0022_177642.jpg,184
982,018.Spotted_Catbird/Spotted_Catbird_0007_19424.jpg,17
8589,147.Least_Tern/Least_Tern_0036_153658.jpg,146
9794,167.Hooded_Warbler/Hooded_Warbler_0057_164137.jpg,166
500,010.Red_winged_Blackbird/Red_Winged_Blackbird_0060_4688.jpg,9
275,005.Crested_Auklet/Crested_Auklet_0075_785259.jpg,4
11313,193.Bewick_Wren/Bewick_Wren_0097_185358.jpg,192
3671,064.Ring_billed_Gull/Ring_Billed_Gull_0074_52258.jpg,63
6641,114.Black_throated_Sparrow/Black_Throated_Sparrow_0010_107375.jpg,113
2068,037.Acadian_Flycatcher/Acadian_Flycatcher_0056_29086.jpg,36
10476,178.Swainson_Warbler/Swainson_Warbler_0047_794870.jpg,177
4910,085.Horned_Lark/Horned_Lark_0066_74796.jpg,84
10247,174.Palm_Warbler/Palm_Warbler_0134_168943.jpg,173
9167,156.White_eyed_Vireo/White_Eyed_Vireo_0082_159186.jpg,155
10727,183.Northern_Waterthrush/Northern_Waterthrush_0061_177172.jpg,182
5733,098.Scott_Oriole/Scott_Oriole_0005_92362.jpg,97
10227,174.Palm_Warbler/Palm_Warbler_0004_168786.jpg,173
10905,186.Cedar_Waxwing/Cedar_Waxwing_0077_178191.jpg,185
9679,165.Chestnut_sided_Warbler/Chestnut_Sided_Warbler_0101_164324.jpg,164
1544,028.Brown_Creeper/Brown_Creeper_0064_24840.jpg,27
8766,150.Sage_Thrasher/Sage_Thrasher_0040_155667.jpg,149
2424,043.Yellow_bellied_Flycatcher/Yellow_Bellied_Flycatcher_0031_42580.jpg,42
2925,051.Horned_Grebe/Horned_Grebe_0003_34983.jpg,50
7744,132.White_crowned_Sparrow/White_Crowned_Sparrow_0124_128082.jpg,131
6636,114.Black_throated_Sparrow/Black_Throated_Sparrow_0081_107111.jpg,113
6182,106.Horned_Puffin/Horned_Puffin_0067_100737.jpg,105
6039,104.American_Pipit/American_Pipit_0006_99857.jpg,103
481,009.Brewer_Blackbird/Brewer_Blackbird_0112_2340.jpg,8
6053,104.American_Pipit/American_Pipit_0019_99810.jpg,103
4440,077.Tropical_Kingbird/Tropical_Kingbird_0081_69656.jpg,76
955,018.Spotted_Catbird/Spotted_Catbird_0012_796802.jpg,17
3369,059.California_Gull/California_Gull_0025_41479.jpg,58
143,003.Sooty_Albatross/Sooty_Albatross_0021_796339.jpg,2
5663,097.Orchard_Oriole/Orchard_Oriole_0059_92046.jpg,96
1232,023.Brandt_Cormorant/Brandt_Cormorant_0029_23043.jpg,22
11304,192.Downy_Woodpecker/Downy_Woodpecker_0080_184240.jpg,191
7598,130.Tree_Sparrow/Tree_Sparrow_0039_124140.jpg,129
1202,022.Chuck_will_Widow/Chuck_Will_Widow_0016_796974.jpg,21
7633,131.Vesper_Sparrow/Vesper_Sparrow_0087_125712.jpg,130
1440,026.Bronzed_Cowbird/Bronzed_Cowbird_0029_796256.jpg,25
11569,197.Marsh_Wren/Marsh_Wren_0006_188126.jpg,196
9621,164.Cerulean_Warbler/Cerulean_Warbler_0090_797195.jpg,163
3866,067.Anna_Hummingbird/Anna_Hummingbird_0127_56520.jpg,66
7464,128.Seaside_Sparrow/Seaside_Sparrow_0051_796522.jpg,127
8643,147.Least_Tern/Least_Tern_0038_153087.jpg,146
2182,039.Least_Flycatcher/Least_Flycatcher_0095_30277.jpg,38
6287,108.White_necked_Raven/White_Necked_Raven_0010_797350.jpg,107
11101,189.Red_bellied_Woodpecker/Red_Bellied_Woodpecker_0104_181616.jpg,188
3402,059.California_Gull/California_Gull_0059_40764.jpg,58
7707,132.White_crowned_Sparrow/White_Crowned_Sparrow_0095_127118.jpg,131
979,018.Spotted_Catbird/Spotted_Catbird_0047_19400.jpg,17
5264,090.Red_breasted_Merganser/Red_Breasted_Merganser_0033_79353.jpg,89
257,005.Crested_Auklet/Crested_Auklet_0001_794941.jpg,4
11548,196.House_Wren/House_Wren_0072_187899.jpg,195
10573,180.Wilson_Warbler/Wilson_Warbler_0114_175295.jpg,179
7200,123.Henslow_Sparrow/Henslow_Sparrow_0006_796607.jpg,122
6915,119.Field_Sparrow/Field_Sparrow_0126_113426.jpg,118
7084,121.Grasshopper_Sparrow/Grasshopper_Sparrow_0003_115676.jpg,120
9021,154.Red_eyed_Vireo/Red_Eyed_Vireo_0038_156963.jpg,153
1414,026.Bronzed_Cowbird/Bronzed_Cowbird_0092_796215.jpg,25
9519,162.Canada_Warbler/Canada_Warbler_0075_162428.jpg,161
1523,028.Brown_Creeper/Brown_Creeper_0042_24578.jpg,27
8142,139.Scarlet_Tanager/Scarlet_Tanager_0033_137603.jpg,138
10920,186.Cedar_Waxwing/Cedar_Waxwing_0013_178830.jpg,185
7551,129.Song_Sparrow/Song_Sparrow_0036_121679.jpg,128
10657,181.Worm_eating_Warbler/Worm_Eating_Warbler_0101_795557.jpg,180
7259,124.Le_Conte_Sparrow/Le_Conte_Sparrow_0064_795235.jpg,123
747,014.Indigo_Bunting/Indigo_Bunting_0004_13195.jpg,13
7515,129.Song_Sparrow/Song_Sparrow_0125_122435.jpg,128
4654,080.Green_Kingfisher/Green_Kingfisher_0096_71080.jpg,79
10785,184.Louisiana_Waterthrush/Louisiana_Waterthrush_0018_177557.jpg,183
5261,090.Red_breasted_Merganser/Red_Breasted_Merganser_0048_79323.jpg,89
5495,094.White_breasted_Nuthatch/White_Breasted_Nuthatch_0095_86425.jpg,93
189,004.Groove_billed_Ani/Groove_Billed_Ani_0019_1585.jpg,3
10599,180.Wilson_Warbler/Wilson_Warbler_0076_175780.jpg,179
9563,163.Cape_May_Warbler/Cape_May_Warbler_0032_162659.jpg,162
3324,058.Pigeon_Guillemot/Pigeon_Guillemot_0025_40511.jpg,57
7057,121.Grasshopper_Sparrow/Grasshopper_Sparrow_0081_116326.jpg,120
7144,122.Harris_Sparrow/Harris_Sparrow_0065_116435.jpg,121
187,004.Groove_billed_Ani/Groove_Billed_Ani_0105_1562.jpg,3
6360,109.American_Redstart/American_Redstart_0056_103241.jpg,108
3988,069.Rufous_Hummingbird/Rufous_Hummingbird_0089_59524.jpg,68
11106,189.Red_bellied_Woodpecker/Red_Bellied_Woodpecker_0086_181891.jpg,188
2820,049.Boat_tailed_Grackle/Boat_Tailed_Grackle_0050_33501.jpg,48
6534,112.Great_Grey_Shrike/Great_Grey_Shrike_0014_797044.jpg,111
11146,190.Red_cockaded_Woodpecker/Red_Cockaded_Woodpecker_0015_182459.jpg,189
1794,032.Mangrove_Cuckoo/Mangrove_Cuckoo_0005_794599.jpg,31
1196,022.Chuck_will_Widow/Chuck_Will_Widow_0008_796968.jpg,21
9386,160.Black_throated_Blue_Warbler/Black_Throated_Blue_Warbler_0050_161154.jpg,159
7788,133.White_throated_Sparrow/White_Throated_Sparrow_0042_128899.jpg,132
5093,088.Western_Meadowlark/Western_Meadowlark_0125_77850.jpg,87
655,012.Yellow_headed_Blackbird/Yellow_Headed_Blackbird_0084_8435.jpg,11
6149,106.Horned_Puffin/Horned_Puffin_0055_100882.jpg,105
776,014.Indigo_Bunting/Indigo_Bunting_0024_13523.jpg,13
10063,171.Myrtle_Warbler/Myrtle_Warbler_0065_166885.jpg,170
9736,166.Golden_winged_Warbler/Golden_Winged_Warbler_0024_794807.jpg,165
8916,152.Blue_headed_Vireo/Blue_Headed_Vireo_0019_156311.jpg,151
6022,103.Sayornis/Sayornis_0133_99129.jpg,102
3560,062.Herring_Gull/Herring_Gull_0054_46164.jpg,61
4524,078.Gray_Kingbird/Gray_Kingbird_0068_70292.jpg,77
5710,098.Scott_Oriole/Scott_Oriole_0056_795816.jpg,97
9723,166.Golden_winged_Warbler/Golden_Winged_Warbler_0014_164464.jpg,165
3658,063.Ivory_Gull/Ivory_Gull_0059_49662.jpg,62
5348,092.Nighthawk/Nighthawk_0045_82807.jpg,91
8422,144.Common_Tern/Common_Tern_0094_148309.jpg,143
8556,146.Forsters_Tern/Forsters_Tern_0016_152463.jpg,145
6448,111.Loggerhead_Shrike/Loggerhead_Shrike_0041_105002.jpg,110
10632,181.Worm_eating_Warbler/Worm_Eating_Warbler_0004_795550.jpg,180
8055,138.Tree_Swallow/Tree_Swallow_0060_134961.jpg,137
8527,146.Forsters_Tern/Forsters_Tern_0068_152078.jpg,145
10613,181.Worm_eating_Warbler/Worm_Eating_Warbler_0060_175969.jpg,180
5310,091.Mockingbird/Mockingbird_0046_81086.jpg,90
3517,061.Heermann_Gull/Heermann_Gull_0115_45797.jpg,60
5593,096.Hooded_Oriole/Hooded_Oriole_0076_90895.jpg,95
4719,081.Pied_Kingfisher/Pied_Kingfisher_0109_72082.jpg,80
1402,025.Pelagic_Cormorant/Pelagic_Cormorant_0061_23548.jpg,24
1920,034.Gray_crowned_Rosy_Finch/Gray_Crowned_Rosy_Finch_0010_27039.jpg,33
1972,035.Purple_Finch/Purple_Finch_0005_27512.jpg,34
2486,044.Frigatebird/Frigatebird_0012_43062.jpg,43
5271,091.Mockingbird/Mockingbird_0035_79635.jpg,90
11390,194.Cactus_Wren/Cactus_Wren_0041_185691.jpg,193
9154,156.White_eyed_Vireo/White_Eyed_Vireo_0071_159072.jpg,155
8703,148.Green_tailed_Towhee/Green_Tailed_Towhee_0066_797439.jpg,147
5414,093.Clark_Nutcracker/Clark_Nutcracker_0069_84767.jpg,92
8198,140.Summer_Tanager/Summer_Tanager_0065_139198.jpg,139
5894,101.White_Pelican/White_Pelican_0081_96148.jpg,100
10071,172.Nashville_Warbler/Nashville_Warbler_0040_167454.jpg,171
10622,181.Worm_eating_Warbler/Worm_Eating_Warbler_0092_795524.jpg,180
6639,114.Black_throated_Sparrow/Black_Throated_Sparrow_0069_107116.jpg,113
2346,041.Scissor_tailed_Flycatcher/Scissor_Tailed_Flycatcher_0114_41704.jpg,40
6294,108.White_necked_Raven/White_Necked_Raven_0036_797359.jpg,107
1037,019.Gray_Catbird/Gray_Catbird_0094_21303.jpg,18
5269,091.Mockingbird/Mockingbird_0085_81417.jpg,90
2916,051.Horned_Grebe/Horned_Grebe_0102_34448.jpg,50
8770,150.Sage_Thrasher/Sage_Thrasher_0095_796446.jpg,149
6074,104.American_Pipit/American_Pipit_0102_99979.jpg,103
11465,195.Carolina_Wren/Carolina_Wren_0113_186675.jpg,194
4743,082.Ringed_Kingfisher/Ringed_Kingfisher_0094_72998.jpg,81
1686,030.Fish_Crow/Fish_Crow_0023_26037.jpg,29
9601,164.Cerulean_Warbler/Cerulean_Warbler_0094_797200.jpg,163
10958,186.Cedar_Waxwing/Cedar_Waxwing_0096_178164.jpg,185
6096,105.Whip_poor_Will/Whip_Poor_Will_0048_796417.jpg,104
10019,171.Myrtle_Warbler/Myrtle_Warbler_0025_166704.jpg,170
2173,039.Least_Flycatcher/Least_Flycatcher_0060_30214.jpg,38
4718,081.Pied_Kingfisher/Pied_Kingfisher_0024_71560.jpg,80
11252,192.Downy_Woodpecker/Downy_Woodpecker_0075_184346.jpg,191
8138,139.Scarlet_Tanager/Scarlet_Tanager_0107_138577.jpg,138
629,012.Yellow_headed_Blackbird/Yellow_Headed_Blackbird_0091_8555.jpg,11
8043,137.Cliff_Swallow/Cliff_Swallow_0055_133624.jpg,136
5187,089.Hooded_Merganser/Hooded_Merganser_0040_78984.jpg,88
5149,089.Hooded_Merganser/Hooded_Merganser_0085_79146.jpg,88
1357,025.Pelagic_Cormorant/Pelagic_Cormorant_0017_23875.jpg,24
2626,046.Gadwall/Gadwall_0097_30893.jpg,45
368,007.Parakeet_Auklet/Parakeet_Auklet_0019_795987.jpg,6
11121,189.Red_bellied_Woodpecker/Red_Bellied_Woodpecker_0022_181969.jpg,188
5957,102.Western_Wood_Pewee/Western_Wood_Pewee_0039_795063.jpg,101
10687,182.Yellow_Warbler/Yellow_Warbler_0119_176485.jpg,181
6514,112.Great_Grey_Shrike/Great_Grey_Shrike_0070_106547.jpg,111
8650,148.Green_tailed_Towhee/Green_Tailed_Towhee_0022_154892.jpg,147
863,016.Painted_Bunting/Painted_Bunting_0055_15208.jpg,15
6563,113.Baird_Sparrow/Baird_Sparrow_0009_106882.jpg,112
11283,192.Downy_Woodpecker/Downy_Woodpecker_0041_184528.jpg,191
9405,160.Black_throated_Blue_Warbler/Black_Throated_Blue_Warbler_0126_161724.jpg,159
5168,089.Hooded_Merganser/Hooded_Merganser_0034_796762.jpg,88
4127,071.Long_tailed_Jaeger/Long_Tailed_Jaeger_0062_797104.jpg,70
576,011.Rusty_Blackbird/Rusty_Blackbird_0006_6633.jpg,10
6849,117.Clay_colored_Sparrow/Clay_Colored_Sparrow_0105_110547.jpg,116
5231,090.Red_breasted_Merganser/Red_Breasted_Merganser_0062_79548.jpg,89
10960,186.Cedar_Waxwing/Cedar_Waxwing_0101_179707.jpg,185
3208,056.Pine_Grosbeak/Pine_Grosbeak_0068_38981.jpg,55
4692,081.Pied_Kingfisher/Pied_Kingfisher_0062_72379.jpg,80
3333,058.Pigeon_Guillemot/Pigeon_Guillemot_0014_40040.jpg,57
4049,070.Green_Violetear/Green_Violetear_0030_795736.jpg,69
11456,195.Carolina_Wren/Carolina_Wren_0128_186581.jpg,194
5511,095.Baltimore_Oriole/Baltimore_Oriole_0020_87066.jpg,94
2758,048.European_Goldfinch/European_Goldfinch_0078_33170.jpg,47
3235,056.Pine_Grosbeak/Pine_Grosbeak_0059_38581.jpg,55
5210,090.Red_breasted_Merganser/Red_Breasted_Merganser_0078_79393.jpg,89
9051,154.Red_eyed_Vireo/Red_Eyed_Vireo_0109_157176.jpg,153
8829,151.Black_capped_Vireo/Black_Capped_Vireo_0039_797451.jpg,150
7828,134.Cape_Glossy_Starling/Cape_Glossy_Starling_0080_129362.jpg,133
9251,158.Bay_breasted_Warbler/Bay_Breasted_Warbler_0033_159912.jpg,157
694,013.Bobolink/Bobolink_0059_10041.jpg,12
10640,181.Worm_eating_Warbler/Worm_Eating_Warbler_0034_795560.jpg,180
1365,025.Pelagic_Cormorant/Pelagic_Cormorant_0064_23641.jpg,24
10965,187.American_Three_toed_Woodpecker/American_Three_Toed_Woodpecker_0011_179847.jpg,186
402,008.Rhinoceros_Auklet/Rhinoceros_Auklet_0024_797529.jpg,7
6988,120.Fox_Sparrow/Fox_Sparrow_0116_115311.jpg,119
10870,185.Bohemian_Waxwing/Bohemian_Waxwing_0092_796666.jpg,184
2827,049.Boat_tailed_Grackle/Boat_Tailed_Grackle_0067_34032.jpg,48
40,001.Black_footed_Albatross/Black_Footed_Albatross_0071_796113.jpg,0
667,013.Bobolink/Bobolink_0033_10809.jpg,12
4067,070.Green_Violetear/Green_Violetear_0050_795633.jpg,69
3033,053.Western_Grebe/Western_Grebe_0075_36435.jpg,52
10957,186.Cedar_Waxwing/Cedar_Waxwing_0095_178163.jpg,185
568,011.Rusty_Blackbird/Rusty_Blackbird_0017_6755.jpg,10
520,010.Red_winged_Blackbird/Red_Winged_Blackbird_0040_4522.jpg,9
6763,116.Chipping_Sparrow/Chipping_Sparrow_0023_108684.jpg,115
5930,102.Western_Wood_Pewee/Western_Wood_Pewee_0074_98282.jpg,101
9063,155.Warbling_Vireo/Warbling_Vireo_0104_158800.jpg,154
10781,183.Northern_Waterthrush/Northern_Waterthrush_0020_177149.jpg,182
4714,081.Pied_Kingfisher/Pied_Kingfisher_0063_71999.jpg,80
10309,176.Prairie_Warbler/Prairie_Warbler_0040_173056.jpg,175
8718,149.Brown_Thrasher/Brown_Thrasher_0105_155187.jpg,148
10016,171.Myrtle_Warbler/Myrtle_Warbler_0059_166946.jpg,170
7937,136.Barn_Swallow/Barn_Swallow_0073_131389.jpg,135
2019,036.Northern_Flicker/Northern_Flicker_0004_28854.jpg,35
806,015.Lazuli_Bunting/Lazuli_Bunting_0067_14672.jpg,14
4178,072.Pomarine_Jaeger/Pomarine_Jaeger_0004_795796.jpg,71
1687,030.Fish_Crow/Fish_Crow_0049_26040.jpg,29
1647,030.Fish_Crow/Fish_Crow_0017_26127.jpg,29
9503,162.Canada_Warbler/Canada_Warbler_0076_162393.jpg,161
1334,024.Red_faced_Cormorant/Red_Faced_Cormorant_0073_796332.jpg,23
4840,083.White_breasted_Kingfisher/White_Breasted_Kingfisher_0074_73408.jpg,82
9255,158.Bay_breasted_Warbler/Bay_Breasted_Warbler_0095_797113.jpg,157
9020,154.Red_eyed_Vireo/Red_Eyed_Vireo_0041_156954.jpg,153
11015,188.Pileated_Woodpecker/Pileated_Woodpecker_0089_179969.jpg,187
5333,092.Nighthawk/Nighthawk_0004_84011.jpg,91
8274,141.Artic_Tern/Artic_Tern_0099_141170.jpg,140
6108,105.Whip_poor_Will/Whip_Poor_Will_0017_796429.jpg,104
10466,178.Swainson_Warbler/Swainson_Warbler_0039_794859.jpg,177
7704,132.White_crowned_Sparrow/White_Crowned_Sparrow_0021_127092.jpg,131
11599,197.Marsh_Wren/Marsh_Wren_0109_188329.jpg,196
9411,161.Blue_winged_Warbler/Blue_Winged_Warbler_0027_161795.jpg,160
2786,049.Boat_tailed_Grackle/Boat_Tailed_Grackle_0070_33612.jpg,48
8482,145.Elegant_Tern/Elegant_Tern_0063_150873.jpg,144
8702,148.Green_tailed_Towhee/Green_Tailed_Towhee_0105_797438.jpg,147
4738,082.Ringed_Kingfisher/Ringed_Kingfisher_0011_72982.jpg,81
2071,037.Acadian_Flycatcher/Acadian_Flycatcher_0054_29113.jpg,36
8738,149.Brown_Thrasher/Brown_Thrasher_0051_155344.jpg,148
6574,113.Baird_Sparrow/Baird_Sparrow_0028_794557.jpg,112
8264,141.Artic_Tern/Artic_Tern_0101_141075.jpg,140
8938,153.Philadelphia_Vireo/Philadelphia_Vireo_0074_156492.jpg,152
4209,073.Blue_Jay/Blue_Jay_0066_61490.jpg,72
3721,064.Ring_billed_Gull/Ring_Billed_Gull_0050_51567.jpg,63
2041,036.Northern_Flicker/Northern_Flicker_0024_29041.jpg,35
8609,147.Least_Tern/Least_Tern_0037_153637.jpg,146
6781,116.Chipping_Sparrow/Chipping_Sparrow_0045_109985.jpg,115
9039,154.Red_eyed_Vireo/Red_Eyed_Vireo_0083_157063.jpg,153
11030,188.Pileated_Woodpecker/Pileated_Woodpecker_0077_180286.jpg,187
3701,064.Ring_billed_Gull/Ring_Billed_Gull_0017_51412.jpg,63
8292,142.Black_Tern/Black_Tern_0059_144159.jpg,141
1032,019.Gray_Catbird/Gray_Catbird_0091_20416.jpg,18
3341,058.Pigeon_Guillemot/Pigeon_Guillemot_0020_40088.jpg,57
9955,170.Mourning_Warbler/Mourning_Warbler_0008_166467.jpg,169
2018,036.Northern_Flicker/Northern_Flicker_0123_28381.jpg,35
5716,098.Scott_Oriole/Scott_Oriole_0001_795826.jpg,97
184,004.Groove_billed_Ani/Groove_Billed_Ani_0071_1559.jpg,3
11342,193.Bewick_Wren/Bewick_Wren_0081_185080.jpg,192
9359,160.Black_throated_Blue_Warbler/Black_Throated_Blue_Warbler_0043_161438.jpg,159
3996,069.Rufous_Hummingbird/Rufous_Hummingbird_0127_59587.jpg,68
4858,084.Red_legged_Kittiwake/Red_Legged_Kittiwake_0032_795399.jpg,83
4627,080.Green_Kingfisher/Green_Kingfisher_0056_70972.jpg,79
6943,119.Field_Sparrow/Field_Sparrow_0105_113822.jpg,118
2860,050.Eared_Grebe/Eared_Grebe_0041_34157.jpg,49
1680,030.Fish_Crow/Fish_Crow_0070_25504.jpg,29
2889,050.Eared_Grebe/Eared_Grebe_0025_34344.jpg,49
6664,114.Black_throated_Sparrow/Black_Throated_Sparrow_0001_107233.jpg,113
8231,141.Artic_Tern/Artic_Tern_0056_141858.jpg,140
7275,125.Lincoln_Sparrow/Lincoln_Sparrow_0059_117271.jpg,124
7656,131.Vesper_Sparrow/Vesper_Sparrow_0033_125568.jpg,130
1039,019.Gray_Catbird/Gray_Catbird_0117_21333.jpg,18
3481,060.Glaucous_winged_Gull/Glaucous_Winged_Gull_0045_44906.jpg,59
9161,156.White_eyed_Vireo/White_Eyed_Vireo_0019_159095.jpg,155
5563,095.Baltimore_Oriole/Baltimore_Oriole_0007_88038.jpg,94
9969,170.Mourning_Warbler/Mourning_Warbler_0052_166537.jpg,169
4935,085.Horned_Lark/Horned_Lark_0043_74450.jpg,84
6892,118.House_Sparrow/House_Sparrow_0082_112478.jpg,117
5824,100.Brown_Pelican/Brown_Pelican_0111_93872.jpg,99
4236,073.Blue_Jay/Blue_Jay_0010_61939.jpg,72
9158,156.White_eyed_Vireo/White_Eyed_Vireo_0015_159081.jpg,155
11509,196.House_Wren/House_Wren_0119_187552.jpg,195
6111,105.Whip_poor_Will/Whip_Poor_Will_0006_22800.jpg,104
11464,195.Carolina_Wren/Carolina_Wren_0055_186154.jpg,194
3024,053.Western_Grebe/Western_Grebe_0022_36148.jpg,52
8782,150.Sage_Thrasher/Sage_Thrasher_0096_155449.jpg,149
8520,145.Elegant_Tern/Elegant_Tern_0076_150519.jpg,144
1772,032.Mangrove_Cuckoo/Mangrove_Cuckoo_0015_26380.jpg,31
3665,063.Ivory_Gull/Ivory_Gull_0067_49659.jpg,62
8915,152.Blue_headed_Vireo/Blue_Headed_Vireo_0096_155969.jpg,151
216,004.Groove_billed_Ani/Groove_Billed_Ani_0091_1728.jpg,3
5979,103.Sayornis/Sayornis_0086_98829.jpg,102
4157,072.Pomarine_Jaeger/Pomarine_Jaeger_0020_795761.jpg,71
9253,158.Bay_breasted_Warbler/Bay_Breasted_Warbler_0071_797108.jpg,157
11694,199.Winter_Wren/Winter_Wren_0075_189578.jpg,198
3278,057.Rose_breasted_Grosbeak/Rose_Breasted_Grosbeak_0050_39695.jpg,56
7902,135.Bank_Swallow/Bank_Swallow_0045_129483.jpg,134
10072,172.Nashville_Warbler/Nashville_Warbler_0103_167455.jpg,171
7022,120.Fox_Sparrow/Fox_Sparrow_0036_115581.jpg,119
4660,080.Green_Kingfisher/Green_Kingfisher_0037_71113.jpg,79
7728,132.White_crowned_Sparrow/White_Crowned_Sparrow_0105_126818.jpg,131
120,002.Laysan_Albatross/Laysan_Albatross_0051_1020.jpg,1
1093,020.Yellow_breasted_Chat/Yellow_Breasted_Chat_0062_21673.jpg,19
3611,063.Ivory_Gull/Ivory_Gull_0061_49416.jpg,62
11702,199.Winter_Wren/Winter_Wren_0037_190123.jpg,198
10158,173.Orange_crowned_Warbler/Orange_Crowned_Warbler_0032_167589.jpg,172
10795,184.Louisiana_Waterthrush/Louisiana_Waterthrush_0026_177503.jpg,183
9833,168.Kentucky_Warbler/Kentucky_Warbler_0038_795909.jpg,167
7803,133.White_throated_Sparrow/White_Throated_Sparrow_0020_129007.jpg,132
10074,172.Nashville_Warbler/Nashville_Warbler_0036_167461.jpg,171
1860,033.Yellow_billed_Cuckoo/Yellow_Billed_Cuckoo_0121_26807.jpg,32
4604,079.Belted_Kingfisher/Belted_Kingfisher_0111_70375.jpg,78
8662,148.Green_tailed_Towhee/Green_Tailed_Towhee_0024_154855.jpg,147
9930,169.Magnolia_Warbler/Magnolia_Warbler_0001_166266.jpg,168
7740,132.White_crowned_Sparrow/White_Crowned_Sparrow_0057_127927.jpg,131
10628,181.Worm_eating_Warbler/Worm_Eating_Warbler_0085_795540.jpg,180
2718,048.European_Goldfinch/European_Goldfinch_0041_794645.jpg,47
870,016.Painted_Bunting/Painted_Bunting_0087_15232.jpg,15
702,013.Bobolink/Bobolink_0064_10092.jpg,12
1101,020.Yellow_breasted_Chat/Yellow_Breasted_Chat_0107_21698.jpg,19
3734,065.Slaty_backed_Gull/Slaty_Backed_Gull_0030_796003.jpg,64
7578,130.Tree_Sparrow/Tree_Sparrow_0097_123462.jpg,129
4082,071.Long_tailed_Jaeger/Long_Tailed_Jaeger_0011_60963.jpg,70
80,002.Laysan_Albatross/Laysan_Albatross_0092_834.jpg,1
9157,156.White_eyed_Vireo/White_Eyed_Vireo_0033_159079.jpg,155
8110,139.Scarlet_Tanager/Scarlet_Tanager_0113_138262.jpg,138
4691,081.Pied_Kingfisher/Pied_Kingfisher_0121_72378.jpg,80
9740,166.Golden_winged_Warbler/Golden_Winged_Warbler_0011_794812.jpg,165
2506,044.Frigatebird/Frigatebird_0095_42785.jpg,43
7845,134.Cape_Glossy_Starling/Cape_Glossy_Starling_0033_129435.jpg,133
10777,183.Northern_Waterthrush/Northern_Waterthrush_0104_177137.jpg,182
814,015.Lazuli_Bunting/Lazuli_Bunting_0081_14709.jpg,14
10776,183.Northern_Waterthrush/Northern_Waterthrush_0048_177129.jpg,182
8924,152.Blue_headed_Vireo/Blue_Headed_Vireo_0010_156344.jpg,151
10264,175.Pine_Warbler/Pine_Warbler_0091_171627.jpg,174
8007,137.Cliff_Swallow/Cliff_Swallow_0066_133206.jpg,136
8192,140.Summer_Tanager/Summer_Tanager_0120_140060.jpg,139
8549,146.Forsters_Tern/Forsters_Tern_0001_152174.jpg,145
5404,093.Clark_Nutcracker/Clark_Nutcracker_0137_85172.jpg,92
11112,189.Red_bellied_Woodpecker/Red_Bellied_Woodpecker_0042_181062.jpg,188
7688,132.White_crowned_Sparrow/White_Crowned_Sparrow_0087_128008.jpg,131
9191,157.Yellow_throated_Vireo/Yellow_Throated_Vireo_0073_159583.jpg,156
6373,109.American_Redstart/American_Redstart_0087_103371.jpg,108
9218,157.Yellow_throated_Vireo/Yellow_Throated_Vireo_0032_159632.jpg,156
8263,141.Artic_Tern/Artic_Tern_0133_141069.jpg,140
2543,045.Northern_Fulmar/Northern_Fulmar_0079_43599.jpg,44
11660,198.Rock_Wren/Rock_Wren_0045_189153.jpg,197
987,018.Spotted_Catbird/Spotted_Catbird_0034_19437.jpg,17
613,012.Yellow_headed_Blackbird/Yellow_Headed_Blackbird_0082_8577.jpg,11
2524,044.Frigatebird/Frigatebird_0115_42973.jpg,43
6248,107.Common_Raven/Common_Raven_0068_101216.jpg,106
9995,170.Mourning_Warbler/Mourning_Warbler_0074_795367.jpg,169
7231,124.Le_Conte_Sparrow/Le_Conte_Sparrow_0058_795181.jpg,123
7797,133.White_throated_Sparrow/White_Throated_Sparrow_0069_128951.jpg,132
7763,133.White_throated_Sparrow/White_Throated_Sparrow_0016_129158.jpg,132
9551,163.Cape_May_Warbler/Cape_May_Warbler_0049_162909.jpg,162
10107,172.Nashville_Warbler/Nashville_Warbler_0068_167266.jpg,171
9458,161.Blue_winged_Warbler/Blue_Winged_Warbler_0044_161760.jpg,160
6439,110.Geococcyx/Geococcyx_0095_104358.jpg,109
11633,198.Rock_Wren/Rock_Wren_0114_189283.jpg,197
4806,083.White_breasted_Kingfisher/White_Breasted_Kingfisher_0115_73252.jpg,82
3957,069.Rufous_Hummingbird/Rufous_Hummingbird_0118_59393.jpg,68
792,015.Lazuli_Bunting/Lazuli_Bunting_0041_15152.jpg,14
6887,118.House_Sparrow/House_Sparrow_0130_110985.jpg,117
11636,198.Rock_Wren/Rock_Wren_0001_189289.jpg,197
8588,147.Least_Tern/Least_Tern_0095_154680.jpg,146
2420,043.Yellow_bellied_Flycatcher/Yellow_Bellied_Flycatcher_0045_42575.jpg,42
2756,048.European_Goldfinch/European_Goldfinch_0045_794690.jpg,47
7141,122.Harris_Sparrow/Harris_Sparrow_0039_116409.jpg,121
1573,028.Brown_Creeper/Brown_Creeper_0118_24500.jpg,27
1734,031.Black_billed_Cuckoo/Black_Billed_Cuckoo_0075_795298.jpg,30
2597,046.Gadwall/Gadwall_0039_31013.jpg,45
8838,151.Black_capped_Vireo/Black_Capped_Vireo_0014_797462.jpg,150
5157,089.Hooded_Merganser/Hooded_Merganser_0014_796739.jpg,88
10969,187.American_Three_toed_Woodpecker/American_Three_Toed_Woodpecker_0031_796172.jpg,186
7397,127.Savannah_Sparrow/Savannah_Sparrow_0047_119365.jpg,126
6886,118.House_Sparrow/House_Sparrow_0139_112438.jpg,117
8985,153.Philadelphia_Vireo/Philadelphia_Vireo_0007_156617.jpg,152
7203,123.Henslow_Sparrow/Henslow_Sparrow_0107_796614.jpg,122
6095,105.Whip_poor_Will/Whip_Poor_Will_0011_796416.jpg,104
2159,038.Great_Crested_Flycatcher/Great_Crested_Flycatcher_0058_29523.jpg,37
7272,125.Lincoln_Sparrow/Lincoln_Sparrow_0110_117264.jpg,124
10410,177.Prothonotary_Warbler/Prothonotary_Warbler_0037_173418.jpg,176
1889,034.Gray_crowned_Rosy_Finch/Gray_Crowned_Rosy_Finch_0061_26979.jpg,33
1637,029.American_Crow/American_Crow_0094_25576.jpg,28
8218,140.Summer_Tanager/Summer_Tanager_0056_139211.jpg,139
9331,159.Black_and_white_Warbler/Black_And_White_Warbler_0051_160603.jpg,158
2320,041.Scissor_tailed_Flycatcher/Scissor_Tailed_Flycatcher_0016_42111.jpg,40
5501,094.White_breasted_Nuthatch/White_Breasted_Nuthatch_0106_85955.jpg,93
5300,091.Mockingbird/Mockingbird_0109_79682.jpg,90
8416,144.Common_Tern/Common_Tern_0029_148035.jpg,143
7900,135.Bank_Swallow/Bank_Swallow_0067_129959.jpg,134
9166,156.White_eyed_Vireo/White_Eyed_Vireo_0002_159180.jpg,155
7305,125.Lincoln_Sparrow/Lincoln_Sparrow_0058_117503.jpg,124
1754,031.Black_billed_Cuckoo/Black_Billed_Cuckoo_0019_795329.jpg,30
9516,162.Canada_Warbler/Canada_Warbler_0041_162418.jpg,161
7045,121.Grasshopper_Sparrow/Grasshopper_Sparrow_0041_116288.jpg,120
11446,195.Carolina_Wren/Carolina_Wren_0051_186510.jpg,194
8668,148.Green_tailed_Towhee/Green_Tailed_Towhee_0068_154783.jpg,147
1329,024.Red_faced_Cormorant/Red_Faced_Cormorant_0030_796325.jpg,23
5180,089.Hooded_Merganser/Hooded_Merganser_0078_78959.jpg,88
1685,030.Fish_Crow/Fish_Crow_0001_26031.jpg,29
8759,149.Brown_Thrasher/Brown_Thrasher_0012_155121.jpg,148
5354,092.Nighthawk/Nighthawk_0019_83850.jpg,91
1349,025.Pelagic_Cormorant/Pelagic_Cormorant_0084_23836.jpg,24
11149,190.Red_cockaded_Woodpecker/Red_Cockaded_Woodpecker_0040_182502.jpg,189
2151,038.Great_Crested_Flycatcher/Great_Crested_Flycatcher_0066_29488.jpg,37
862,016.Painted_Bunting/Painted_Bunting_0034_15207.jpg,15
1287,023.Brandt_Cormorant/Brandt_Cormorant_0068_23019.jpg,22
4523,078.Gray_Kingbird/Gray_Kingbird_0035_795027.jpg,77
5900,101.White_Pelican/White_Pelican_0075_96422.jpg,100
8982,153.Philadelphia_Vireo/Philadelphia_Vireo_0045_156608.jpg,152
10156,173.Orange_crowned_Warbler/Orange_Crowned_Warbler_0120_167587.jpg,172
10486,179.Tennessee_Warbler/Tennessee_Warbler_0034_174854.jpg,178
10448,178.Swainson_Warbler/Swainson_Warbler_0007_174745.jpg,177
6705,115.Brewer_Sparrow/Brewer_Sparrow_0026_107432.jpg,114
4018,070.Green_Violetear/Green_Violetear_0017_795652.jpg,69
367,007.Parakeet_Auklet/Parakeet_Auklet_0032_795986.jpg,6
881,016.Painted_Bunting/Painted_Bunting_0086_16540.jpg,15
9093,155.Warbling_Vireo/Warbling_Vireo_0061_158494.jpg,154
6565,113.Baird_Sparrow/Baird_Sparrow_0035_106904.jpg,112
5922,102.Western_Wood_Pewee/Western_Wood_Pewee_0046_98113.jpg,101
10129,173.Orange_crowned_Warbler/Orange_Crowned_Warbler_0066_167949.jpg,172
362,007.Parakeet_Auklet/Parakeet_Auklet_0074_795976.jpg,6
7968,136.Barn_Swallow/Barn_Swallow_0076_130757.jpg,135
8545,146.Forsters_Tern/Forsters_Tern_0034_152667.jpg,145
1528,028.Brown_Creeper/Brown_Creeper_0106_24617.jpg,27
2147,038.Great_Crested_Flycatcher/Great_Crested_Flycatcher_0082_29445.jpg,37
2347,041.Scissor_tailed_Flycatcher/Scissor_Tailed_Flycatcher_0092_41767.jpg,40
3650,063.Ivory_Gull/Ivory_Gull_0065_49566.jpg,62
4804,083.White_breasted_Kingfisher/White_Breasted_Kingfisher_0032_73248.jpg,82
7423,127.Savannah_Sparrow/Savannah_Sparrow_0049_119596.jpg,126
8533,146.Forsters_Tern/Forsters_Tern_0007_152110.jpg,145
8681,148.Green_tailed_Towhee/Green_Tailed_Towhee_0058_797399.jpg,147
9965,170.Mourning_Warbler/Mourning_Warbler_0073_166524.jpg,169
7003,120.Fox_Sparrow/Fox_Sparrow_0075_114920.jpg,119
482,009.Brewer_Blackbird/Brewer_Blackbird_0079_2343.jpg,8
7855,134.Cape_Glossy_Starling/Cape_Glossy_Starling_0091_129470.jpg,133
3440,060.Glaucous_winged_Gull/Glaucous_Winged_Gull_0034_44625.jpg,59
8559,146.Forsters_Tern/Forsters_Tern_0027_151456.jpg,145
4035,070.Green_Violetear/Green_Violetear_0102_795702.jpg,69
4290,074.Florida_Jay/Florida_Jay_0025_64673.jpg,73
10542,179.Tennessee_Warbler/Tennessee_Warbler_0015_174847.jpg,178
5994,103.Sayornis/Sayornis_0111_98406.jpg,102
4254,073.Blue_Jay/Blue_Jay_0086_63394.jpg,72
4309,074.Florida_Jay/Florida_Jay_0008_64482.jpg,73
2828,049.Boat_tailed_Grackle/Boat_Tailed_Grackle_0033_33524.jpg,48
9287,158.Bay_breasted_Warbler/Bay_Breasted_Warbler_0020_159737.jpg,157
7732,132.White_crowned_Sparrow/White_Crowned_Sparrow_0107_128662.jpg,131
1461,026.Bronzed_Cowbird/Bronzed_Cowbird_0023_24058.jpg,25
3439,060.Glaucous_winged_Gull/Glaucous_Winged_Gull_0002_44612.jpg,59
10702,182.Yellow_Warbler/Yellow_Warbler_0056_176320.jpg,181
2563,045.Northern_Fulmar/Northern_Fulmar_0041_44013.jpg,44
9890,169.Magnolia_Warbler/Magnolia_Warbler_0112_166406.jpg,168
10735,183.Northern_Waterthrush/Northern_Waterthrush_0105_176970.jpg,182
5139,088.Western_Meadowlark/Western_Meadowlark_0095_78568.jpg,87
6944,119.Field_Sparrow/Field_Sparrow_0069_113827.jpg,118
8415,144.Common_Tern/Common_Tern_0054_148028.jpg,143
5370,092.Nighthawk/Nighthawk_0032_795333.jpg,91
8860,151.Black_capped_Vireo/Black_Capped_Vireo_0016_797489.jpg,150
6370,109.American_Redstart/American_Redstart_0045_102823.jpg,108
9935,169.Magnolia_Warbler/Magnolia_Warbler_0134_165801.jpg,168
4432,076.Dark_eyed_Junco/Dark_Eyed_Junco_0090_69051.jpg,75
502,010.Red_winged_Blackbird/Red_Winged_Blackbird_0061_4196.jpg,9
1878,034.Gray_crowned_Rosy_Finch/Gray_Crowned_Rosy_Finch_0026_27160.jpg,33
935,017.Cardinal/Cardinal_0037_18092.jpg,16
11781,200.Common_Yellowthroat/Common_Yellowthroat_0098_190430.jpg,199
4703,081.Pied_Kingfisher/Pied_Kingfisher_0051_71429.jpg,80
1135,021.Eastern_Towhee/Eastern_Towhee_0064_22649.jpg,20
2317,041.Scissor_tailed_Flycatcher/Scissor_Tailed_Flycatcher_0003_41849.jpg,40
9376,160.Black_throated_Blue_Warbler/Black_Throated_Blue_Warbler_0024_161619.jpg,159
5651,097.Orchard_Oriole/Orchard_Oriole_0024_91755.jpg,96
11286,192.Downy_Woodpecker/Downy_Woodpecker_0007_184051.jpg,191
7639,131.Vesper_Sparrow/Vesper_Sparrow_0044_125470.jpg,130
9138,156.White_eyed_Vireo/White_Eyed_Vireo_0110_158947.jpg,155
10813,184.Louisiana_Waterthrush/Louisiana_Waterthrush_0087_795261.jpg,183
5079,087.Mallard/Mallard_0014_76166.jpg,86
937,017.Cardinal/Cardinal_0056_18352.jpg,16
8219,140.Summer_Tanager/Summer_Tanager_0088_139473.jpg,139
3073,054.Blue_Grosbeak/Blue_Grosbeak_0073_37148.jpg,53
3010,053.Western_Grebe/Western_Grebe_0067_36610.jpg,52
5164,089.Hooded_Merganser/Hooded_Merganser_0066_796755.jpg,88
1147,021.Eastern_Towhee/Eastern_Towhee_0030_22693.jpg,20
2985,052.Pied_billed_Grebe/Pied_Billed_Grebe_0123_35469.jpg,51
7854,134.Cape_Glossy_Starling/Cape_Glossy_Starling_0039_129469.jpg,133
9603,164.Cerulean_Warbler/Cerulean_Warbler_0077_797202.jpg,163
8755,149.Brown_Thrasher/Brown_Thrasher_0106_155083.jpg,148
6786,116.Chipping_Sparrow/Chipping_Sparrow_0005_108931.jpg,115
4214,073.Blue_Jay/Blue_Jay_0038_62784.jpg,72
8052,138.Tree_Swallow/Tree_Swallow_0046_135770.jpg,137
8233,141.Artic_Tern/Artic_Tern_0012_143410.jpg,140
11436,195.Carolina_Wren/Carolina_Wren_0047_186928.jpg,194
9536,163.Cape_May_Warbler/Cape_May_Warbler_0108_163108.jpg,162
1167,021.Eastern_Towhee/Eastern_Towhee_0040_22341.jpg,20
8853,151.Black_capped_Vireo/Black_Capped_Vireo_0013_155815.jpg,150
2748,048.European_Goldfinch/European_Goldfinch_0068_33359.jpg,47
5646,097.Orchard_Oriole/Orchard_Oriole_0006_91724.jpg,96
5357,092.Nighthawk/Nighthawk_0034_82578.jpg,91
2097,037.Acadian_Flycatcher/Acadian_Flycatcher_0055_795609.jpg,36
4301,074.Florida_Jay/Florida_Jay_0053_64966.jpg,73
3770,065.Slaty_backed_Gull/Slaty_Backed_Gull_0084_786383.jpg,64
4968,086.Pacific_Loon/Pacific_Loon_0038_75526.jpg,85
7652,131.Vesper_Sparrow/Vesper_Sparrow_0013_109937.jpg,130
725,014.Indigo_Bunting/Indigo_Bunting_0075_12835.jpg,13
2050,036.Northern_Flicker/Northern_Flicker_0069_28924.jpg,35
4075,070.Green_Violetear/Green_Violetear_0095_795646.jpg,69
3161,055.Evening_Grosbeak/Evening_Grosbeak_0107_37933.jpg,54
10579,180.Wilson_Warbler/Wilson_Warbler_0073_175876.jpg,179
1858,033.Yellow_billed_Cuckoo/Yellow_Billed_Cuckoo_0019_26803.jpg,32
7378,126.Nelson_Sharp_tailed_Sparrow/Nelson_Sharp_Tailed_Sparrow_0077_796913.jpg,125
5020,086.Pacific_Loon/Pacific_Loon_0006_75386.jpg,85
10731,183.Northern_Waterthrush/Northern_Waterthrush_0015_177075.jpg,182
4074,070.Green_Violetear/Green_Violetear_0103_795644.jpg,69
6479,111.Loggerhead_Shrike/Loggerhead_Shrike_0011_104921.jpg,110
10510,179.Tennessee_Warbler/Tennessee_Warbler_0096_174993.jpg,178
10817,184.Louisiana_Waterthrush/Louisiana_Waterthrush_0020_795265.jpg,183
11762,200.Common_Yellowthroat/Common_Yellowthroat_0004_190606.jpg,199
288,006.Least_Auklet/Least_Auklet_0040_795100.jpg,5
11302,192.Downy_Woodpecker/Downy_Woodpecker_0044_184170.jpg,191
648,012.Yellow_headed_Blackbird/Yellow_Headed_Blackbird_0051_8387.jpg,11
7327,125.Lincoln_Sparrow/Lincoln_Sparrow_0022_117759.jpg,124
5345,092.Nighthawk/Nighthawk_0035_84077.jpg,91
11721,199.Winter_Wren/Winter_Wren_0129_189843.jpg,198
4341,075.Green_Jay/Green_Jay_0003_65767.jpg,74
5906,101.White_Pelican/White_Pelican_0028_95950.jpg,100
7600,130.Tree_Sparrow/Tree_Sparrow_0094_124974.jpg,129
6803,117.Clay_colored_Sparrow/Clay_Colored_Sparrow_0018_797246.jpg,116
6191,106.Horned_Puffin/Horned_Puffin_0046_100785.jpg,105
5914,101.White_Pelican/White_Pelican_0024_96554.jpg,100
8286,142.Black_Tern/Black_Tern_0090_143880.jpg,141
2688,047.American_Goldfinch/American_Goldfinch_0104_32540.jpg,46
388,008.Rhinoceros_Auklet/Rhinoceros_Auklet_0016_2114.jpg,7
1701,030.Fish_Crow/Fish_Crow_0016_25854.jpg,29
6271,108.White_necked_Raven/White_Necked_Raven_0030_102701.jpg,107
7227,124.Le_Conte_Sparrow/Le_Conte_Sparrow_0003_795175.jpg,123
11092,189.Red_bellied_Woodpecker/Red_Bellied_Woodpecker_0077_182334.jpg,188
11686,199.Winter_Wren/Winter_Wren_0007_190052.jpg,198
9901,169.Magnolia_Warbler/Magnolia_Warbler_0114_165467.jpg,168
8044,137.Cliff_Swallow/Cliff_Swallow_0103_133882.jpg,136
7469,128.Seaside_Sparrow/Seaside_Sparrow_0039_796530.jpg,127
6500,111.Loggerhead_Shrike/Loggerhead_Shrike_0090_106461.jpg,110
10244,174.Palm_Warbler/Palm_Warbler_0061_169954.jpg,173
3697,064.Ring_billed_Gull/Ring_Billed_Gull_0095_50362.jpg,63
7368,126.Nelson_Sharp_tailed_Sparrow/Nelson_Sharp_Tailed_Sparrow_0051_796902.jpg,125
3540,061.Heermann_Gull/Heermann_Gull_0100_45440.jpg,60
4568,079.Belted_Kingfisher/Belted_Kingfisher_0044_70494.jpg,78
11188,190.Red_cockaded_Woodpecker/Red_Cockaded_Woodpecker_0055_182520.jpg,189
11667,198.Rock_Wren/Rock_Wren_0026_189181.jpg,197
4324,075.Green_Jay/Green_Jay_0049_65600.jpg,74
6411,110.Geococcyx/Geococcyx_0005_104187.jpg,109
3109,054.Blue_Grosbeak/Blue_Grosbeak_0072_36774.jpg,53
9731,166.Golden_winged_Warbler/Golden_Winged_Warbler_0061_164516.jpg,165
4256,073.Blue_Jay/Blue_Jay_0074_63487.jpg,72
5643,097.Orchard_Oriole/Orchard_Oriole_0051_91787.jpg,96
3043,053.Western_Grebe/Western_Grebe_0056_36216.jpg,52
10739,183.Northern_Waterthrush/Northern_Waterthrush_0076_176986.jpg,182
11196,191.Red_headed_Woodpecker/Red_Headed_Woodpecker_0011_182803.jpg,190
9801,167.Hooded_Warbler/Hooded_Warbler_0053_164631.jpg,166
5584,096.Hooded_Oriole/Hooded_Oriole_0035_90331.jpg,95
11624,198.Rock_Wren/Rock_Wren_0069_188969.jpg,197
3724,064.Ring_billed_Gull/Ring_Billed_Gull_0108_51108.jpg,63
8843,151.Black_capped_Vireo/Black_Capped_Vireo_0003_797467.jpg,150
6126,105.Whip_poor_Will/Whip_Poor_Will_0030_100412.jpg,104
3288,057.Rose_breasted_Grosbeak/Rose_Breasted_Grosbeak_0135_39227.jpg,56
5014,086.Pacific_Loon/Pacific_Loon_0052_75451.jpg,85
2052,036.Northern_Flicker/Northern_Flicker_0107_28667.jpg,35
7666,131.Vesper_Sparrow/Vesper_Sparrow_0080_125606.jpg,130
8094,138.Tree_Swallow/Tree_Swallow_0058_134987.jpg,137
1052,019.Gray_Catbird/Gray_Catbird_0118_20476.jpg,18
8912,152.Blue_headed_Vireo/Blue_Headed_Vireo_0097_156272.jpg,151
7682,131.Vesper_Sparrow/Vesper_Sparrow_0062_125669.jpg,130
1951,035.Purple_Finch/Purple_Finch_0032_27305.jpg,34
7337,126.Nelson_Sharp_tailed_Sparrow/Nelson_Sharp_Tailed_Sparrow_0013_796942.jpg,125
5833,100.Brown_Pelican/Brown_Pelican_0080_93439.jpg,99
11405,194.Cactus_Wren/Cactus_Wren_0103_185506.jpg,193
9424,161.Blue_winged_Warbler/Blue_Winged_Warbler_0075_161844.jpg,160
841,016.Painted_Bunting/Painted_Bunting_0039_15235.jpg,15
11299,192.Downy_Woodpecker/Downy_Woodpecker_0101_184139.jpg,191
77,002.Laysan_Albatross/Laysan_Albatross_0055_570.jpg,1
9650,164.Cerulean_Warbler/Cerulean_Warbler_0018_797183.jpg,163
3365,058.Pigeon_Guillemot/Pigeon_Guillemot_0058_40184.jpg,57
5621,096.Hooded_Oriole/Hooded_Oriole_0075_90788.jpg,95
4273,074.Florida_Jay/Florida_Jay_0036_65107.jpg,73
1040,019.Gray_Catbird/Gray_Catbird_0125_19833.jpg,18
5131,088.Western_Meadowlark/Western_Meadowlark_0044_77758.jpg,87
8335,142.Black_Tern/Black_Tern_0055_144607.jpg,141
11433,195.Carolina_Wren/Carolina_Wren_0117_186916.jpg,194
11084,189.Red_bellied_Woodpecker/Red_Bellied_Woodpecker_0055_180768.jpg,188
10303,175.Pine_Warbler/Pine_Warbler_0088_170980.jpg,174
4007,069.Rufous_Hummingbird/Rufous_Hummingbird_0115_59202.jpg,68
5355,092.Nighthawk/Nighthawk_0003_82827.jpg,91
2519,044.Frigatebird/Frigatebird_0116_43410.jpg,43
496,010.Red_winged_Blackbird/Red_Winged_Blackbird_0023_5257.jpg,9
3512,061.Heermann_Gull/Heermann_Gull_0032_45774.jpg,60
3861,067.Anna_Hummingbird/Anna_Hummingbird_0028_55993.jpg,66
4242,073.Blue_Jay/Blue_Jay_0024_63167.jpg,72
7823,134.Cape_Glossy_Starling/Cape_Glossy_Starling_0092_129349.jpg,133
7171,123.Henslow_Sparrow/Henslow_Sparrow_0027_796543.jpg,122
4779,082.Ringed_Kingfisher/Ringed_Kingfisher_0029_73165.jpg,81
69,002.Laysan_Albatross/Laysan_Albatross_0081_800.jpg,1
5895,101.White_Pelican/White_Pelican_0032_96920.jpg,100
5248,090.Red_breasted_Merganser/Red_Breasted_Merganser_0085_79285.jpg,89
5830,100.Brown_Pelican/Brown_Pelican_0100_94434.jpg,99
9898,169.Magnolia_Warbler/Magnolia_Warbler_0054_165965.jpg,168
11774,200.Common_Yellowthroat/Common_Yellowthroat_0072_190402.jpg,199
9512,162.Canada_Warbler/Canada_Warbler_0016_162411.jpg,161
4356,075.Green_Jay/Green_Jay_0086_65847.jpg,74
4904,084.Red_legged_Kittiwake/Red_Legged_Kittiwake_0044_795388.jpg,83
1645,030.Fish_Crow/Fish_Crow_0011_25866.jpg,29
11640,198.Rock_Wren/Rock_Wren_0122_189042.jpg,197
2407,042.Vermilion_Flycatcher/Vermilion_Flycatcher_0005_42478.jpg,41
4170,072.Pomarine_Jaeger/Pomarine_Jaeger_0003_795778.jpg,71
8704,149.Brown_Thrasher/Brown_Thrasher_0034_155139.jpg,148
1977,035.Purple_Finch/Purple_Finch_0011_27633.jpg,34
2994,052.Pied_billed_Grebe/Pied_Billed_Grebe_0058_35503.jpg,51
9036,154.Red_eyed_Vireo/Red_Eyed_Vireo_0111_157030.jpg,153
6139,105.Whip_poor_Will/Whip_Poor_Will_0001_796411.jpg,104
9526,162.Canada_Warbler/Canada_Warbler_0024_162218.jpg,161
302,006.Least_Auklet/Least_Auklet_0027_795091.jpg,5
1703,031.Black_billed_Cuckoo/Black_Billed_Cuckoo_0005_26161.jpg,30
355,007.Parakeet_Auklet/Parakeet_Auklet_0065_795969.jpg,6
10562,180.Wilson_Warbler/Wilson_Warbler_0102_175769.jpg,179
9562,163.Cape_May_Warbler/Cape_May_Warbler_0081_162936.jpg,162
2876,050.Eared_Grebe/Eared_Grebe_0016_34334.jpg,49
9241,158.Bay_breasted_Warbler/Bay_Breasted_Warbler_0112_159839.jpg,157
10940,186.Cedar_Waxwing/Cedar_Waxwing_0103_179559.jpg,185
9089,155.Warbling_Vireo/Warbling_Vireo_0075_158480.jpg,154
6295,108.White_necked_Raven/White_Necked_Raven_0053_797360.jpg,107
5222,090.Red_breasted_Merganser/Red_Breasted_Merganser_0002_79447.jpg,89
7468,128.Seaside_Sparrow/Seaside_Sparrow_0041_796529.jpg,127
3608,063.Ivory_Gull/Ivory_Gull_0104_49666.jpg,62
8787,150.Sage_Thrasher/Sage_Thrasher_0051_155464.jpg,149
7016,120.Fox_Sparrow/Fox_Sparrow_0091_115550.jpg,119
9059,155.Warbling_Vireo/Warbling_Vireo_0079_158791.jpg,154
2721,048.European_Goldfinch/European_Goldfinch_0090_794648.jpg,47
8146,139.Scarlet_Tanager/Scarlet_Tanager_0130_138661.jpg,138
9372,160.Black_throated_Blue_Warbler/Black_Throated_Blue_Warbler_0123_161542.jpg,159
4369,075.Green_Jay/Green_Jay_0023_65898.jpg,74
7232,124.Le_Conte_Sparrow/Le_Conte_Sparrow_0099_795182.jpg,123
6729,115.Brewer_Sparrow/Brewer_Sparrow_0035_107509.jpg,114
4855,084.Red_legged_Kittiwake/Red_Legged_Kittiwake_0054_795396.jpg,83
8194,140.Summer_Tanager/Summer_Tanager_0095_139882.jpg,139
10924,186.Cedar_Waxwing/Cedar_Waxwing_0026_178878.jpg,185
4628,080.Green_Kingfisher/Green_Kingfisher_0031_71229.jpg,79
6349,109.American_Redstart/American_Redstart_0027_103168.jpg,108
145,003.Sooty_Albatross/Sooty_Albatross_0064_796343.jpg,2
411,008.Rhinoceros_Auklet/Rhinoceros_Auklet_0009_797539.jpg,7
2192,039.Least_Flycatcher/Least_Flycatcher_0100_30338.jpg,38
1474,027.Shiny_Cowbird/Shiny_Cowbird_0040_24379.jpg,26
6188,106.Horned_Puffin/Horned_Puffin_0056_101030.jpg,105
3095,054.Blue_Grosbeak/Blue_Grosbeak_0101_36719.jpg,53
1726,031.Black_billed_Cuckoo/Black_Billed_Cuckoo_0082_26241.jpg,30
5869,101.White_Pelican/White_Pelican_0013_96901.jpg,100
8761,149.Brown_Thrasher/Brown_Thrasher_0100_155129.jpg,148
5366,092.Nighthawk/Nighthawk_0018_83639.jpg,91
3769,065.Slaty_backed_Gull/Slaty_Backed_Gull_0087_786374.jpg,64
10335,176.Prairie_Warbler/Prairie_Warbler_0075_172709.jpg,175
10808,184.Louisiana_Waterthrush/Louisiana_Waterthrush_0044_177526.jpg,183
3509,061.Heermann_Gull/Heermann_Gull_0098_45753.jpg,60
51,001.Black_footed_Albatross/Black_Footed_Albatross_0039_796132.jpg,0
8226,141.Artic_Tern/Artic_Tern_0032_141313.jpg,140
10050,171.Myrtle_Warbler/Myrtle_Warbler_0067_166828.jpg,170
6770,116.Chipping_Sparrow/Chipping_Sparrow_0064_108204.jpg,115
4477,077.Tropical_Kingbird/Tropical_Kingbird_0056_69509.jpg,76
7530,129.Song_Sparrow/Song_Sparrow_0112_121027.jpg,128
1932,034.Gray_crowned_Rosy_Finch/Gray_Crowned_Rosy_Finch_0063_27123.jpg,33
2672,047.American_Goldfinch/American_Goldfinch_0134_32409.jpg,46
1532,028.Brown_Creeper/Brown_Creeper_0114_24649.jpg,27
2811,049.Boat_tailed_Grackle/Boat_Tailed_Grackle_0017_33480.jpg,48
7627,131.Vesper_Sparrow/Vesper_Sparrow_0005_125440.jpg,130
9351,159.Black_and_white_Warbler/Black_And_White_Warbler_0060_160764.jpg,158
4634,080.Green_Kingfisher/Green_Kingfisher_0058_70998.jpg,79
10884,185.Bohemian_Waxwing/Bohemian_Waxwing_0031_796633.jpg,184
5126,088.Western_Meadowlark/Western_Meadowlark_0109_77990.jpg,87
9627,164.Cerulean_Warbler/Cerulean_Warbler_0087_163451.jpg,163
64,002.Laysan_Albatross/Laysan_Albatross_0044_784.jpg,1
1622,029.American_Crow/American_Crow_0107_25353.jpg,28
11408,194.Cactus_Wren/Cactus_Wren_0020_186012.jpg,193
4239,073.Blue_Jay/Blue_Jay_0003_63408.jpg,72
8621,147.Least_Tern/Least_Tern_0119_153950.jpg,146
5607,096.Hooded_Oriole/Hooded_Oriole_0069_90981.jpg,95
6536,112.Great_Grey_Shrike/Great_Grey_Shrike_0092_797048.jpg,111
6726,115.Brewer_Sparrow/Brewer_Sparrow_0023_107489.jpg,114
7039,121.Grasshopper_Sparrow/Grasshopper_Sparrow_0040_115696.jpg,120
3141,055.Evening_Grosbeak/Evening_Grosbeak_0001_37437.jpg,54
3542,061.Heermann_Gull/Heermann_Gull_0079_45468.jpg,60
963,018.Spotted_Catbird/Spotted_Catbird_0037_796810.jpg,17
10280,175.Pine_Warbler/Pine_Warbler_0056_172064.jpg,174
9880,168.Kentucky_Warbler/Kentucky_Warbler_0004_165358.jpg,167
843,016.Painted_Bunting/Painted_Bunting_0050_16670.jpg,15
9125,156.White_eyed_Vireo/White_Eyed_Vireo_0050_158829.jpg,155
4912,085.Horned_Lark/Horned_Lark_0015_74855.jpg,84
2161,038.Great_Crested_Flycatcher/Great_Crested_Flycatcher_0027_29532.jpg,37
4325,075.Green_Jay/Green_Jay_0039_66118.jpg,74
9712,166.Golden_winged_Warbler/Golden_Winged_Warbler_0060_164368.jpg,165
4772,082.Ringed_Kingfisher/Ringed_Kingfisher_0053_72875.jpg,81
4582,079.Belted_Kingfisher/Belted_Kingfisher_0105_70550.jpg,78
2038,036.Northern_Flicker/Northern_Flicker_0118_28500.jpg,35
8158,139.Scarlet_Tanager/Scarlet_Tanager_0090_137703.jpg,138
2545,045.Northern_Fulmar/Northern_Fulmar_0058_44114.jpg,44
3997,069.Rufous_Hummingbird/Rufous_Hummingbird_0116_58568.jpg,68
2800,049.Boat_tailed_Grackle/Boat_Tailed_Grackle_0040_33417.jpg,48
1026,019.Gray_Catbird/Gray_Catbird_0001_20695.jpg,18
3456,060.Glaucous_winged_Gull/Glaucous_Winged_Gull_0060_44215.jpg,59
8569,146.Forsters_Tern/Forsters_Tern_0075_152258.jpg,145
1515,027.Shiny_Cowbird/Shiny_Cowbird_0077_24273.jpg,26
2521,044.Frigatebird/Frigatebird_0035_43420.jpg,43
1439,026.Bronzed_Cowbird/Bronzed_Cowbird_0054_24159.jpg,25
4669,080.Green_Kingfisher/Green_Kingfisher_0020_71155.jpg,79
7453,128.Seaside_Sparrow/Seaside_Sparrow_0050_796508.jpg,127
9236,158.Bay_breasted_Warbler/Bay_Breasted_Warbler_0093_159764.jpg,157
3709,064.Ring_billed_Gull/Ring_Billed_Gull_0003_51480.jpg,63
1274,023.Brandt_Cormorant/Brandt_Cormorant_0075_22970.jpg,22
5019,086.Pacific_Loon/Pacific_Loon_0012_75736.jpg,85
10791,184.Louisiana_Waterthrush/Louisiana_Waterthrush_0015_177515.jpg,183
3117,054.Blue_Grosbeak/Blue_Grosbeak_0023_37069.jpg,53
55,001.Black_footed_Albatross/Black_Footed_Albatross_0007_796138.jpg,0
5564,095.Baltimore_Oriole/Baltimore_Oriole_0131_87542.jpg,94
920,017.Cardinal/Cardinal_0079_19044.jpg,16
7234,124.Le_Conte_Sparrow/Le_Conte_Sparrow_0071_795185.jpg,123
1554,028.Brown_Creeper/Brown_Creeper_0023_24940.jpg,27
9769,166.Golden_winged_Warbler/Golden_Winged_Warbler_0013_794837.jpg,165
1197,022.Chuck_will_Widow/Chuck_Will_Widow_0034_796969.jpg,21
923,017.Cardinal/Cardinal_0081_17291.jpg,16
645,012.Yellow_headed_Blackbird/Yellow_Headed_Blackbird_0007_8366.jpg,11
7088,121.Grasshopper_Sparrow/Grasshopper_Sparrow_0019_115958.jpg,120
4845,083.White_breasted_Kingfisher/White_Breasted_Kingfisher_0018_71137.jpg,82
6714,115.Brewer_Sparrow/Brewer_Sparrow_0036_107451.jpg,114
11696,199.Winter_Wren/Winter_Wren_0128_190093.jpg,198
7534,129.Song_Sparrow/Song_Sparrow_0013_121056.jpg,128
1552,028.Brown_Creeper/Brown_Creeper_0058_24933.jpg,27
11189,190.Red_cockaded_Woodpecker/Red_Cockaded_Woodpecker_0063_794726.jpg,189
1978,035.Purple_Finch/Purple_Finch_0088_28076.jpg,34
9874,168.Kentucky_Warbler/Kentucky_Warbler_0035_795878.jpg,167
1512,027.Shiny_Cowbird/Shiny_Cowbird_0061_796874.jpg,26
9242,158.Bay_breasted_Warbler/Bay_Breasted_Warbler_0086_159860.jpg,157
1346,025.Pelagic_Cormorant/Pelagic_Cormorant_0012_23565.jpg,24
2058,037.Acadian_Flycatcher/Acadian_Flycatcher_0016_29217.jpg,36
2397,042.Vermilion_Flycatcher/Vermilion_Flycatcher_0055_42442.jpg,41
2078,037.Acadian_Flycatcher/Acadian_Flycatcher_0063_795585.jpg,36
2593,046.Gadwall/Gadwall_0035_30985.jpg,45
8745,149.Brown_Thrasher/Brown_Thrasher_0079_155394.jpg,148
1453,026.Bronzed_Cowbird/Bronzed_Cowbird_0017_24019.jpg,25
10656,181.Worm_eating_Warbler/Worm_Eating_Warbler_0074_176093.jpg,180
6407,110.Geococcyx/Geococcyx_0036_104173.jpg,109
9707,165.Chestnut_sided_Warbler/Chestnut_Sided_Warbler_0075_164231.jpg,164
1233,023.Brandt_Cormorant/Brandt_Cormorant_0014_23050.jpg,22
6666,114.Black_throated_Sparrow/Black_Throated_Sparrow_0096_107238.jpg,113
3157,055.Evening_Grosbeak/Evening_Grosbeak_0112_37922.jpg,54
8832,151.Black_capped_Vireo/Black_Capped_Vireo_0008_797454.jpg,150
7028,120.Fox_Sparrow/Fox_Sparrow_0110_115172.jpg,119
2228,039.Least_Flycatcher/Least_Flycatcher_0080_30457.jpg,38
5039,087.Mallard/Mallard_0119_76925.jpg,86
3102,054.Blue_Grosbeak/Blue_Grosbeak_0009_36992.jpg,53
5003,086.Pacific_Loon/Pacific_Loon_0019_75422.jpg,85
2191,039.Least_Flycatcher/Least_Flycatcher_0064_30328.jpg,38
7635,131.Vesper_Sparrow/Vesper_Sparrow_0041_125458.jpg,130
7178,123.Henslow_Sparrow/Henslow_Sparrow_0059_796569.jpg,122
7741,132.White_crowned_Sparrow/White_Crowned_Sparrow_0127_126923.jpg,131
3068,053.Western_Grebe/Western_Grebe_0007_36074.jpg,52
6230,107.Common_Raven/Common_Raven_0017_102044.jpg,106
3931,068.Ruby_throated_Hummingbird/Ruby_Throated_Hummingbird_0117_58092.jpg,67
3501,061.Heermann_Gull/Heermann_Gull_0130_45700.jpg,60
4807,083.White_breasted_Kingfisher/White_Breasted_Kingfisher_0121_73258.jpg,82
4022,070.Green_Violetear/Green_Violetear_0005_795666.jpg,69
8794,150.Sage_Thrasher/Sage_Thrasher_0092_155482.jpg,149
11623,198.Rock_Wren/Rock_Wren_0019_188968.jpg,197
8847,151.Black_capped_Vireo/Black_Capped_Vireo_0035_797471.jpg,150
7673,131.Vesper_Sparrow/Vesper_Sparrow_0053_125641.jpg,130
8280,141.Artic_Tern/Artic_Tern_0052_143244.jpg,140
11532,196.House_Wren/House_Wren_0094_187226.jpg,195
7098,122.Harris_Sparrow/Harris_Sparrow_0028_116656.jpg,121
10509,179.Tennessee_Warbler/Tennessee_Warbler_0071_175084.jpg,178
7691,132.White_crowned_Sparrow/White_Crowned_Sparrow_0067_127576.jpg,131
6303,108.White_necked_Raven/White_Necked_Raven_0023_797371.jpg,107
1149,021.Eastern_Towhee/Eastern_Towhee_0120_22189.jpg,20
10700,182.Yellow_Warbler/Yellow_Warbler_0104_176541.jpg,181
4653,080.Green_Kingfisher/Green_Kingfisher_0004_71076.jpg,79
10165,173.Orange_crowned_Warbler/Orange_Crowned_Warbler_0118_167640.jpg,172
10441,178.Swainson_Warbler/Swainson_Warbler_0044_794894.jpg,177
1456,026.Bronzed_Cowbird/Bronzed_Cowbird_0014_24030.jpg,25
8112,139.Scarlet_Tanager/Scarlet_Tanager_0086_138272.jpg,138
4361,075.Green_Jay/Green_Jay_0016_65864.jpg,74
8845,151.Black_capped_Vireo/Black_Capped_Vireo_0029_797469.jpg,150
6394,110.Geococcyx/Geococcyx_0091_104301.jpg,109
4271,074.Florida_Jay/Florida_Jay_0050_65099.jpg,73
423,008.Rhinoceros_Auklet/Rhinoceros_Auklet_0005_2111.jpg,7
11617,198.Rock_Wren/Rock_Wren_0125_188951.jpg,197
2656,047.American_Goldfinch/American_Goldfinch_0001_32306.jpg,46
5463,094.White_breasted_Nuthatch/White_Breasted_Nuthatch_0096_86140.jpg,93
4147,072.Pomarine_Jaeger/Pomarine_Jaeger_0072_795743.jpg,71
964,018.Spotted_Catbird/Spotted_Catbird_0039_796811.jpg,17
2238,040.Olive_sided_Flycatcher/Olive_Sided_Flycatcher_0078_30752.jpg,39
7702,132.White_crowned_Sparrow/White_Crowned_Sparrow_0072_127080.jpg,131
10066,171.Myrtle_Warbler/Myrtle_Warbler_0089_166896.jpg,170
5073,087.Mallard/Mallard_0030_77143.jpg,86
1331,024.Red_faced_Cormorant/Red_Faced_Cormorant_0064_23464.jpg,23
680,013.Bobolink/Bobolink_0119_10430.jpg,12
7703,132.White_crowned_Sparrow/White_Crowned_Sparrow_0078_127603.jpg,131
1472,027.Shiny_Cowbird/Shiny_Cowbird_0076_24363.jpg,26
6865,118.House_Sparrow/House_Sparrow_0137_111219.jpg,117
5992,103.Sayornis/Sayornis_0109_98906.jpg,102
7765,133.White_throated_Sparrow/White_Throated_Sparrow_0085_129180.jpg,132
740,014.Indigo_Bunting/Indigo_Bunting_0080_13416.jpg,13
8179,140.Summer_Tanager/Summer_Tanager_0099_139310.jpg,139
8452,144.Common_Tern/Common_Tern_0001_149721.jpg,143
666,013.Bobolink/Bobolink_0102_10807.jpg,12
7543,129.Song_Sparrow/Song_Sparrow_0046_121903.jpg,128
1207,022.Chuck_will_Widow/Chuck_Will_Widow_0023_796979.jpg,21
1140,021.Eastern_Towhee/Eastern_Towhee_0021_22152.jpg,20
10049,171.Myrtle_Warbler/Myrtle_Warbler_0050_166820.jpg,170
5595,096.Hooded_Oriole/Hooded_Oriole_0106_90899.jpg,95
123,003.Sooty_Albatross/Sooty_Albatross_0001_1071.jpg,2
4134,071.Long_tailed_Jaeger/Long_Tailed_Jaeger_0053_60906.jpg,70
6661,114.Black_throated_Sparrow/Black_Throated_Sparrow_0086_106970.jpg,113
3337,058.Pigeon_Guillemot/Pigeon_Guillemot_0024_39814.jpg,57
10243,174.Palm_Warbler/Palm_Warbler_0006_169429.jpg,173
3316,058.Pigeon_Guillemot/Pigeon_Guillemot_0084_40217.jpg,57
7107,122.Harris_Sparrow/Harris_Sparrow_0016_116661.jpg,121
7256,124.Le_Conte_Sparrow/Le_Conte_Sparrow_0072_795230.jpg,123
9784,167.Hooded_Warbler/Hooded_Warbler_0070_164930.jpg,166
8237,141.Artic_Tern/Artic_Tern_0039_141390.jpg,140
7270,125.Lincoln_Sparrow/Lincoln_Sparrow_0108_117773.jpg,124
5454,094.White_breasted_Nuthatch/White_Breasted_Nuthatch_0114_86554.jpg,93
11441,195.Carolina_Wren/Carolina_Wren_0142_186443.jpg,194
11001,187.American_Three_toed_Woodpecker/American_Three_Toed_Woodpecker_0030_796144.jpg,186
4194,072.Pomarine_Jaeger/Pomarine_Jaeger_0031_61420.jpg,71
6059,104.American_Pipit/American_Pipit_0027_100189.jpg,103
10411,177.Prothonotary_Warbler/Prothonotary_Warbler_0055_173419.jpg,176
3810,066.Western_Gull/Western_Gull_0004_55605.jpg,65
2972,052.Pied_billed_Grebe/Pied_Billed_Grebe_0076_35432.jpg,51
7484,128.Seaside_Sparrow/Seaside_Sparrow_0012_120732.jpg,127
10805,184.Louisiana_Waterthrush/Louisiana_Waterthrush_0021_795250.jpg,183
3405,059.California_Gull/California_Gull_0012_41272.jpg,58
9193,157.Yellow_throated_Vireo/Yellow_Throated_Vireo_0012_794977.jpg,156
8127,139.Scarlet_Tanager/Scarlet_Tanager_0017_138484.jpg,138
2169,038.Great_Crested_Flycatcher/Great_Crested_Flycatcher_0069_29603.jpg,37
2356,042.Vermilion_Flycatcher/Vermilion_Flycatcher_0012_42253.jpg,41
10982,187.American_Three_toed_Woodpecker/American_Three_Toed_Woodpecker_0002_179885.jpg,186
5910,101.White_Pelican/White_Pelican_0047_97190.jpg,100
99,002.Laysan_Albatross/Laysan_Albatross_0039_924.jpg,1
515,010.Red_winged_Blackbird/Red_Winged_Blackbird_0046_4242.jpg,9
324,007.Parakeet_Auklet/Parakeet_Auklet_0004_795921.jpg,6
10624,181.Worm_eating_Warbler/Worm_Eating_Warbler_0078_795532.jpg,180
1445,026.Bronzed_Cowbird/Bronzed_Cowbird_0005_24173.jpg,25
537,010.Red_winged_Blackbird/Red_Winged_Blackbird_0025_5342.jpg,9
6513,112.Great_Grey_Shrike/Great_Grey_Shrike_0032_797021.jpg,111
8336,142.Black_Tern/Black_Tern_0038_144102.jpg,141
2932,051.Horned_Grebe/Horned_Grebe_0066_34738.jpg,50
9701,165.Chestnut_sided_Warbler/Chestnut_Sided_Warbler_0023_164308.jpg,164
3574,062.Herring_Gull/Herring_Gull_0064_47832.jpg,61
6337,109.American_Redstart/American_Redstart_0118_103033.jpg,108
6752,116.Chipping_Sparrow/Chipping_Sparrow_0042_107791.jpg,115
7402,127.Savannah_Sparrow/Savannah_Sparrow_0021_118886.jpg,126
7152,123.Henslow_Sparrow/Henslow_Sparrow_0081_116755.jpg,122
10968,187.American_Three_toed_Woodpecker/American_Three_Toed_Woodpecker_0008_179850.jpg,186
4456,077.Tropical_Kingbird/Tropical_Kingbird_0001_69958.jpg,76
8366,143.Caspian_Tern/Caspian_Tern_0070_147545.jpg,142
2419,043.Yellow_bellied_Flycatcher/Yellow_Bellied_Flycatcher_0051_795470.jpg,42
10020,171.Myrtle_Warbler/Myrtle_Warbler_0103_166963.jpg,170
6280,108.White_necked_Raven/White_Necked_Raven_0021_797341.jpg,107
7814,134.Cape_Glossy_Starling/Cape_Glossy_Starling_0028_129309.jpg,133
5794,099.Ovenbird/Ovenbird_0124_93103.jpg,98
4544,078.Gray_Kingbird/Gray_Kingbird_0071_70100.jpg,77
10978,187.American_Three_toed_Woodpecker/American_Three_Toed_Woodpecker_0010_179874.jpg,186
5557,095.Baltimore_Oriole/Baltimore_Oriole_0091_88487.jpg,94
4938,085.Horned_Lark/Horned_Lark_0079_73958.jpg,84
3569,062.Herring_Gull/Herring_Gull_0034_48824.jpg,61
1418,026.Bronzed_Cowbird/Bronzed_Cowbird_0089_796220.jpg,25
4448,077.Tropical_Kingbird/Tropical_Kingbird_0096_69684.jpg,76
10589,180.Wilson_Warbler/Wilson_Warbler_0038_175449.jpg,179
660,013.Bobolink/Bobolink_0107_10252.jpg,12
6998,120.Fox_Sparrow/Fox_Sparrow_0118_114884.jpg,119
3069,053.Western_Grebe/Western_Grebe_0061_36181.jpg,52
9484,162.Canada_Warbler/Canada_Warbler_0087_162342.jpg,161
2768,048.European_Goldfinch/European_Goldfinch_0003_33066.jpg,47
2832,050.Eared_Grebe/Eared_Grebe_0068_34052.jpg,49
3395,059.California_Gull/California_Gull_0092_41300.jpg,58
3565,062.Herring_Gull/Herring_Gull_0047_46218.jpg,61
5308,091.Mockingbird/Mockingbird_0047_80819.jpg,90
1619,029.American_Crow/American_Crow_0036_25313.jpg,28
3785,066.Western_Gull/Western_Gull_0042_53843.jpg,65
10946,186.Cedar_Waxwing/Cedar_Waxwing_0004_179215.jpg,185
8975,153.Philadelphia_Vireo/Philadelphia_Vireo_0071_794796.jpg,152
9032,154.Red_eyed_Vireo/Red_Eyed_Vireo_0077_157005.jpg,153
1973,035.Purple_Finch/Purple_Finch_0134_27526.jpg,34
1955,035.Purple_Finch/Purple_Finch_0114_27837.jpg,34
8256,141.Artic_Tern/Artic_Tern_0090_143583.jpg,140
491,010.Red_winged_Blackbird/Red_Winged_Blackbird_0005_5636.jpg,9
4437,077.Tropical_Kingbird/Tropical_Kingbird_0014_69647.jpg,76
9559,163.Cape_May_Warbler/Cape_May_Warbler_0028_163177.jpg,162
4948,085.Horned_Lark/Horned_Lark_0072_74067.jpg,84
9283,158.Bay_breasted_Warbler/Bay_Breasted_Warbler_0078_797163.jpg,157
3586,062.Herring_Gull/Herring_Gull_0084_46406.jpg,61
9565,163.Cape_May_Warbler/Cape_May_Warbler_0058_162948.jpg,162
4945,085.Horned_Lark/Horned_Lark_0130_74001.jpg,84
10148,173.Orange_crowned_Warbler/Orange_Crowned_Warbler_0042_167614.jpg,172
10344,176.Prairie_Warbler/Prairie_Warbler_0136_172768.jpg,175
5773,099.Ovenbird/Ovenbird_0130_92452.jpg,98
1185,022.Chuck_will_Widow/Chuck_Will_Widow_0004_796957.jpg,21
5252,090.Red_breasted_Merganser/Red_Breasted_Merganser_0003_79303.jpg,89
1514,027.Shiny_Cowbird/Shiny_Cowbird_0062_24271.jpg,26
4764,082.Ringed_Kingfisher/Ringed_Kingfisher_0041_72853.jpg,81
11279,192.Downy_Woodpecker/Downy_Woodpecker_0096_184532.jpg,191
5172,089.Hooded_Merganser/Hooded_Merganser_0036_796771.jpg,88
9499,162.Canada_Warbler/Canada_Warbler_0085_162385.jpg,161
784,015.Lazuli_Bunting/Lazuli_Bunting_0034_14864.jpg,14
5251,090.Red_breasted_Merganser/Red_Breasted_Merganser_0013_79301.jpg,89
1224,022.Chuck_will_Widow/Chuck_Will_Widow_0005_796998.jpg,21
2477,044.Frigatebird/Frigatebird_0047_43039.jpg,43
327,007.Parakeet_Auklet/Parakeet_Auklet_0056_795926.jpg,6
7063,121.Grasshopper_Sparrow/Grasshopper_Sparrow_0064_116106.jpg,120
2793,049.Boat_tailed_Grackle/Boat_Tailed_Grackle_0043_33595.jpg,48
4878,084.Red_legged_Kittiwake/Red_Legged_Kittiwake_0072_795438.jpg,83
5158,089.Hooded_Merganser/Hooded_Merganser_0089_796740.jpg,88
8201,140.Summer_Tanager/Summer_Tanager_0125_139399.jpg,139
10852,185.Bohemian_Waxwing/Bohemian_Waxwing_0039_177702.jpg,184
8391,143.Caspian_Tern/Caspian_Tern_0075_147650.jpg,142
3462,060.Glaucous_winged_Gull/Glaucous_Winged_Gull_0126_44761.jpg,59
5631,097.Orchard_Oriole/Orchard_Oriole_0084_91658.jpg,96
9300,159.Black_and_white_Warbler/Black_And_White_Warbler_0072_160353.jpg,158
7377,126.Nelson_Sharp_tailed_Sparrow/Nelson_Sharp_Tailed_Sparrow_0067_796912.jpg,125
4631,080.Green_Kingfisher/Green_Kingfisher_0062_70985.jpg,79
9087,155.Warbling_Vireo/Warbling_Vireo_0070_158459.jpg,154
2605,046.Gadwall/Gadwall_0096_31560.jpg,45
1961,035.Purple_Finch/Purple_Finch_0006_27950.jpg,34
11663,198.Rock_Wren/Rock_Wren_0009_189162.jpg,197
228,004.Groove_billed_Ani/Groove_Billed_Ani_0065_1502.jpg,3
3126,054.Blue_Grosbeak/Blue_Grosbeak_0010_37108.jpg,53
4387,076.Dark_eyed_Junco/Dark_Eyed_Junco_0094_68735.jpg,75
1369,025.Pelagic_Cormorant/Pelagic_Cormorant_0029_23545.jpg,24
828,015.Lazuli_Bunting/Lazuli_Bunting_0055_15043.jpg,14
1991,035.Purple_Finch/Purple_Finch_0082_27639.jpg,34
3459,060.Glaucous_winged_Gull/Glaucous_Winged_Gull_0129_44742.jpg,59
495,010.Red_winged_Blackbird/Red_Winged_Blackbird_0049_5598.jpg,9
5162,089.Hooded_Merganser/Hooded_Merganser_0011_796750.jpg,88
4716,081.Pied_Kingfisher/Pied_Kingfisher_0071_72576.jpg,80
11018,188.Pileated_Woodpecker/Pileated_Woodpecker_0078_180236.jpg,187
11099,189.Red_bellied_Woodpecker/Red_Bellied_Woodpecker_0112_180827.jpg,188
11382,194.Cactus_Wren/Cactus_Wren_0078_185899.jpg,193
6386,110.Geococcyx/Geococcyx_0006_104523.jpg,109
6068,104.American_Pipit/American_Pipit_0095_99959.jpg,103
3042,053.Western_Grebe/Western_Grebe_0037_36469.jpg,52
6471,111.Loggerhead_Shrike/Loggerhead_Shrike_0048_106215.jpg,110
267,005.Crested_Auklet/Crested_Auklet_0073_785248.jpg,4
5701,098.Scott_Oriole/Scott_Oriole_0031_90270.jpg,97
3388,059.California_Gull/California_Gull_0093_41111.jpg,58
2833,050.Eared_Grebe/Eared_Grebe_0023_34309.jpg,49
7946,136.Barn_Swallow/Barn_Swallow_0078_130385.jpg,135
8896,152.Blue_headed_Vireo/Blue_Headed_Vireo_0121_156233.jpg,151
6683,115.Brewer_Sparrow/Brewer_Sparrow_0049_796705.jpg,114
3189,055.Evening_Grosbeak/Evening_Grosbeak_0122_37864.jpg,54
10617,181.Worm_eating_Warbler/Worm_Eating_Warbler_0012_795515.jpg,180
11545,196.House_Wren/House_Wren_0045_187374.jpg,195
10941,186.Cedar_Waxwing/Cedar_Waxwing_0029_179569.jpg,185
11326,193.Bewick_Wren/Bewick_Wren_0050_184919.jpg,192
1875,034.Gray_crowned_Rosy_Finch/Gray_Crowned_Rosy_Finch_0042_27143.jpg,33
3792,066.Western_Gull/Western_Gull_0093_54925.jpg,65
6414,110.Geococcyx/Geococcyx_0010_104197.jpg,109
8458,144.Common_Tern/Common_Tern_0076_148391.jpg,143
10620,181.Worm_eating_Warbler/Worm_Eating_Warbler_0094_795522.jpg,180
8708,149.Brown_Thrasher/Brown_Thrasher_0030_155152.jpg,148
4097,071.Long_tailed_Jaeger/Long_Tailed_Jaeger_0009_797070.jpg,70
10207,174.Palm_Warbler/Palm_Warbler_0015_169626.jpg,173
7624,130.Tree_Sparrow/Tree_Sparrow_0108_124754.jpg,129
11601,197.Marsh_Wren/Marsh_Wren_0018_188363.jpg,196
7455,128.Seaside_Sparrow/Seaside_Sparrow_0027_796512.jpg,127
1201,022.Chuck_will_Widow/Chuck_Will_Widow_0055_796973.jpg,21
5460,094.White_breasted_Nuthatch/White_Breasted_Nuthatch_0036_86596.jpg,93
8361,143.Caspian_Tern/Caspian_Tern_0101_145164.jpg,142
6328,109.American_Redstart/American_Redstart_0009_103974.jpg,108
10914,186.Cedar_Waxwing/Cedar_Waxwing_0062_178788.jpg,185
6638,114.Black_throated_Sparrow/Black_Throated_Sparrow_0011_107115.jpg,113
7567,130.Tree_Sparrow/Tree_Sparrow_0130_124932.jpg,129
5287,091.Mockingbird/Mockingbird_0008_81226.jpg,90
2515,044.Frigatebird/Frigatebird_0059_42838.jpg,43
4952,085.Horned_Lark/Horned_Lark_0138_74083.jpg,84
3948,068.Ruby_throated_Hummingbird/Ruby_Throated_Hummingbird_0010_58285.jpg,67
8038,137.Cliff_Swallow/Cliff_Swallow_0065_133858.jpg,136
9929,169.Magnolia_Warbler/Magnolia_Warbler_0041_165709.jpg,168
4531,078.Gray_Kingbird/Gray_Kingbird_0037_70050.jpg,77
1438,026.Bronzed_Cowbird/Bronzed_Cowbird_0008_796250.jpg,25
3274,057.Rose_breasted_Grosbeak/Rose_Breasted_Grosbeak_0042_39158.jpg,56
2527,044.Frigatebird/Frigatebird_0084_43006.jpg,43
10760,183.Northern_Waterthrush/Northern_Waterthrush_0043_177070.jpg,182
1709,031.Black_billed_Cuckoo/Black_Billed_Cuckoo_0079_26180.jpg,30
4509,078.Gray_Kingbird/Gray_Kingbird_0018_70241.jpg,77
647,012.Yellow_headed_Blackbird/Yellow_Headed_Blackbird_0072_8606.jpg,11
2864,050.Eared_Grebe/Eared_Grebe_0073_34172.jpg,49
5963,102.Western_Wood_Pewee/Western_Wood_Pewee_0059_98262.jpg,101
9221,157.Yellow_throated_Vireo/Yellow_Throated_Vireo_0084_159639.jpg,156
10524,179.Tennessee_Warbler/Tennessee_Warbler_0061_174775.jpg,178
9116,156.White_eyed_Vireo/White_Eyed_Vireo_0094_158894.jpg,155
511,010.Red_winged_Blackbird/Red_Winged_Blackbird_0012_6015.jpg,9
353,007.Parakeet_Auklet/Parakeet_Auklet_0080_795965.jpg,6
7471,128.Seaside_Sparrow/Seaside_Sparrow_0067_796532.jpg,127
10933,186.Cedar_Waxwing/Cedar_Waxwing_0048_178960.jpg,185
7938,136.Barn_Swallow/Barn_Swallow_0060_130110.jpg,135
2270,040.Olive_sided_Flycatcher/Olive_Sided_Flycatcher_0034_30672.jpg,39
7154,123.Henslow_Sparrow/Henslow_Sparrow_0096_116758.jpg,122
11022,188.Pileated_Woodpecker/Pileated_Woodpecker_0028_180258.jpg,187
5475,094.White_breasted_Nuthatch/White_Breasted_Nuthatch_0002_86287.jpg,93
6350,109.American_Redstart/American_Redstart_0108_103686.jpg,108
6194,106.Horned_Puffin/Horned_Puffin_0081_101054.jpg,105
7489,128.Seaside_Sparrow/Seaside_Sparrow_0024_120751.jpg,127
8377,143.Caspian_Tern/Caspian_Tern_0045_145554.jpg,142
9406,160.Black_throated_Blue_Warbler/Black_Throated_Blue_Warbler_0063_161213.jpg,159
1362,025.Pelagic_Cormorant/Pelagic_Cormorant_0080_23890.jpg,24
2644,046.Gadwall/Gadwall_0024_30942.jpg,45
1501,027.Shiny_Cowbird/Shiny_Cowbird_0034_796849.jpg,26
6178,106.Horned_Puffin/Horned_Puffin_0030_100725.jpg,105
10979,187.American_Three_toed_Woodpecker/American_Three_Toed_Woodpecker_0024_179876.jpg,186
6132,105.Whip_poor_Will/Whip_Poor_Will_0018_796403.jpg,104
7086,121.Grasshopper_Sparrow/Grasshopper_Sparrow_0001_115938.jpg,120
1219,022.Chuck_will_Widow/Chuck_Will_Widow_0024_796993.jpg,21
10665,182.Yellow_Warbler/Yellow_Warbler_0121_176402.jpg,181
1821,033.Yellow_billed_Cuckoo/Yellow_Billed_Cuckoo_0009_26656.jpg,32
6251,107.Common_Raven/Common_Raven_0054_101750.jpg,106
5459,094.White_breasted_Nuthatch/White_Breasted_Nuthatch_0055_86075.jpg,93
5635,097.Orchard_Oriole/Orchard_Oriole_0080_91417.jpg,96
11560,197.Marsh_Wren/Marsh_Wren_0075_188549.jpg,196
7575,130.Tree_Sparrow/Tree_Sparrow_0100_122945.jpg,129
7628,131.Vesper_Sparrow/Vesper_Sparrow_0040_125441.jpg,130
11387,194.Cactus_Wren/Cactus_Wren_0073_185670.jpg,193
276,005.Crested_Auklet/Crested_Auklet_0072_785260.jpg,4
4686,081.Pied_Kingfisher/Pied_Kingfisher_0122_71789.jpg,80
3602,062.Herring_Gull/Herring_Gull_0095_48058.jpg,61
6301,108.White_necked_Raven/White_Necked_Raven_0038_797369.jpg,107
611,012.Yellow_headed_Blackbird/Yellow_Headed_Blackbird_0086_8487.jpg,11
6250,107.Common_Raven/Common_Raven_0121_101744.jpg,106
8954,153.Philadelphia_Vireo/Philadelphia_Vireo_0068_794763.jpg,152
6190,106.Horned_Puffin/Horned_Puffin_0021_100780.jpg,105
5152,089.Hooded_Merganser/Hooded_Merganser_0073_796726.jpg,88
11612,198.Rock_Wren/Rock_Wren_0059_188941.jpg,197
10067,171.Myrtle_Warbler/Myrtle_Warbler_0007_166897.jpg,170
570,011.Rusty_Blackbird/Rusty_Blackbird_0114_6760.jpg,10
5040,087.Mallard/Mallard_0069_76926.jpg,86
8902,152.Blue_headed_Vireo/Blue_Headed_Vireo_0055_156247.jpg,151
7334,126.Nelson_Sharp_tailed_Sparrow/Nelson_Sharp_Tailed_Sparrow_0033_118024.jpg,125
1970,035.Purple_Finch/Purple_Finch_0013_27506.jpg,34
833,015.Lazuli_Bunting/Lazuli_Bunting_0014_14824.jpg,14
9960,170.Mourning_Warbler/Mourning_Warbler_0042_166493.jpg,169
6811,117.Clay_colored_Sparrow/Clay_Colored_Sparrow_0023_797258.jpg,116
2046,036.Northern_Flicker/Northern_Flicker_0057_28606.jpg,35
9681,165.Chestnut_sided_Warbler/Chestnut_Sided_Warbler_0043_164114.jpg,164
8384,143.Caspian_Tern/Caspian_Tern_0006_145594.jpg,142
9464,161.Blue_winged_Warbler/Blue_Winged_Warbler_0082_161772.jpg,160
1166,021.Eastern_Towhee/Eastern_Towhee_0013_22336.jpg,20
1765,032.Mangrove_Cuckoo/Mangrove_Cuckoo_0051_794627.jpg,31
3773,065.Slaty_backed_Gull/Slaty_Backed_Gull_0068_53206.jpg,64
9350,159.Black_and_white_Warbler/Black_And_White_Warbler_0007_160758.jpg,158
1711,031.Black_billed_Cuckoo/Black_Billed_Cuckoo_0086_26188.jpg,30
3030,053.Western_Grebe/Western_Grebe_0045_36425.jpg,52
1825,033.Yellow_billed_Cuckoo/Yellow_Billed_Cuckoo_0036_26682.jpg,32
7179,123.Henslow_Sparrow/Henslow_Sparrow_0030_116890.jpg,122
957,018.Spotted_Catbird/Spotted_Catbird_0004_796804.jpg,17
10424,177.Prothonotary_Warbler/Prothonotary_Warbler_0097_174554.jpg,176
2701,047.American_Goldfinch/American_Goldfinch_0100_32183.jpg,46
10885,185.Bohemian_Waxwing/Bohemian_Waxwing_0091_796634.jpg,184
4349,075.Green_Jay/Green_Jay_0043_65805.jpg,74
2373,042.Vermilion_Flycatcher/Vermilion_Flycatcher_0023_42565.jpg,41
3628,063.Ivory_Gull/Ivory_Gull_0098_49810.jpg,62
9704,165.Chestnut_sided_Warbler/Chestnut_Sided_Warbler_0016_164060.jpg,164
549,011.Rusty_Blackbird/Rusty_Blackbird_0016_6684.jpg,10
11776,200.Common_Yellowthroat/Common_Yellowthroat_0080_190663.jpg,199
6110,105.Whip_poor_Will/Whip_Poor_Will_0007_796431.jpg,104
6543,112.Great_Grey_Shrike/Great_Grey_Shrike_0042_797056.jpg,111
10498,179.Tennessee_Warbler/Tennessee_Warbler_0045_174913.jpg,178
5560,095.Baltimore_Oriole/Baltimore_Oriole_0064_89554.jpg,94
11243,191.Red_headed_Woodpecker/Red_Headed_Woodpecker_0017_183777.jpg,190
4558,079.Belted_Kingfisher/Belted_Kingfisher_0040_70432.jpg,78
9200,157.Yellow_throated_Vireo/Yellow_Throated_Vireo_0017_794988.jpg,156
5811,100.Brown_Pelican/Brown_Pelican_0086_93757.jpg,99
283,006.Least_Auklet/Least_Auklet_0035_1888.jpg,5
5405,093.Clark_Nutcracker/Clark_Nutcracker_0011_85698.jpg,92
9491,162.Canada_Warbler/Canada_Warbler_0007_162364.jpg,161
7208,123.Henslow_Sparrow/Henslow_Sparrow_0085_116971.jpg,122
6103,105.Whip_poor_Will/Whip_Poor_Will_0016_796424.jpg,104
5913,101.White_Pelican/White_Pelican_0054_97528.jpg,100
5048,087.Mallard/Mallard_0098_77490.jpg,86
8295,142.Black_Tern/Black_Tern_0019_144680.jpg,141
3334,058.Pigeon_Guillemot/Pigeon_Guillemot_0064_40044.jpg,57
2976,052.Pied_billed_Grebe/Pied_Billed_Grebe_0113_35703.jpg,51
8714,149.Brown_Thrasher/Brown_Thrasher_0119_155170.jpg,148
8947,153.Philadelphia_Vireo/Philadelphia_Vireo_0049_794756.jpg,152
2865,050.Eared_Grebe/Eared_Grebe_0058_34174.jpg,49
7191,123.Henslow_Sparrow/Henslow_Sparrow_0064_796573.jpg,122
11226,191.Red_headed_Woodpecker/Red_Headed_Woodpecker_0021_183454.jpg,190
865,016.Painted_Bunting/Painted_Bunting_0093_15212.jpg,15
10918,186.Cedar_Waxwing/Cedar_Waxwing_0130_178308.jpg,185
9753,166.Golden_winged_Warbler/Golden_Winged_Warbler_0044_794836.jpg,165
877,016.Painted_Bunting/Painted_Bunting_0084_16531.jpg,15
11510,196.House_Wren/House_Wren_0063_188076.jpg,195
3869,067.Anna_Hummingbird/Anna_Hummingbird_0044_56066.jpg,66
4608,079.Belted_Kingfisher/Belted_Kingfisher_0035_70644.jpg,78
4985,086.Pacific_Loon/Pacific_Loon_0017_75835.jpg,85
6320,108.White_necked_Raven/White_Necked_Raven_0041_797394.jpg,107
10099,172.Nashville_Warbler/Nashville_Warbler_0079_167213.jpg,171
291,006.Least_Auklet/Least_Auklet_0043_795067.jpg,5
3610,063.Ivory_Gull/Ivory_Gull_0052_50013.jpg,62
3430,060.Glaucous_winged_Gull/Glaucous_Winged_Gull_0049_45065.jpg,59
7074,121.Grasshopper_Sparrow/Grasshopper_Sparrow_0110_115644.jpg,120
10348,176.Prairie_Warbler/Prairie_Warbler_0082_172783.jpg,175
10340,176.Prairie_Warbler/Prairie_Warbler_0135_172745.jpg,175
6518,112.Great_Grey_Shrike/Great_Grey_Shrike_0061_106580.jpg,111
1417,026.Bronzed_Cowbird/Bronzed_Cowbird_0001_796219.jpg,25
11784,200.Common_Yellowthroat/Common_Yellowthroat_0037_190698.jpg,199
2354,042.Vermilion_Flycatcher/Vermilion_Flycatcher_0025_42248.jpg,41
4230,073.Blue_Jay/Blue_Jay_0017_62854.jpg,72
2425,043.Yellow_bellied_Flycatcher/Yellow_Bellied_Flycatcher_0038_795477.jpg,42
6080,104.American_Pipit/American_Pipit_0087_99996.jpg,103
2253,040.Olive_sided_Flycatcher/Olive_Sided_Flycatcher_0022_30551.jpg,39
484,010.Red_winged_Blackbird/Red_Winged_Blackbird_0091_4096.jpg,9
7002,120.Fox_Sparrow/Fox_Sparrow_0104_114908.jpg,119
11743,200.Common_Yellowthroat/Common_Yellowthroat_0106_190989.jpg,199
4723,081.Pied_Kingfisher/Pied_Kingfisher_0014_72119.jpg,80
4193,072.Pomarine_Jaeger/Pomarine_Jaeger_0036_61410.jpg,71
2639,046.Gadwall/Gadwall_0070_31187.jpg,45
5581,096.Hooded_Oriole/Hooded_Oriole_0091_90821.jpg,95
541,010.Red_winged_Blackbird/Red_Winged_Blackbird_0044_5621.jpg,9
1975,035.Purple_Finch/Purple_Finch_0113_27547.jpg,34
9938,169.Magnolia_Warbler/Magnolia_Warbler_0015_165817.jpg,168
6351,109.American_Redstart/American_Redstart_0049_103176.jpg,108
6869,118.House_Sparrow/House_Sparrow_0119_111471.jpg,117
8707,149.Brown_Thrasher/Brown_Thrasher_0069_155151.jpg,148
2210,039.Least_Flycatcher/Least_Flycatcher_0067_30397.jpg,38
6094,104.American_Pipit/American_Pipit_0073_99642.jpg,103
10934,186.Cedar_Waxwing/Cedar_Waxwing_0098_178971.jpg,185
6156,106.Horned_Puffin/Horned_Puffin_0034_100895.jpg,105
6687,115.Brewer_Sparrow/Brewer_Sparrow_0041_796711.jpg,114
769,014.Indigo_Bunting/Indigo_Bunting_0039_12756.jpg,13
4394,076.Dark_eyed_Junco/Dark_Eyed_Junco_0005_68813.jpg,75
10170,173.Orange_crowned_Warbler/Orange_Crowned_Warbler_0001_167660.jpg,172
5111,088.Western_Meadowlark/Western_Meadowlark_0017_78940.jpg,87
1742,031.Black_billed_Cuckoo/Black_Billed_Cuckoo_0092_795313.jpg,30
6311,108.White_necked_Raven/White_Necked_Raven_0051_797383.jpg,107
6423,110.Geococcyx/Geococcyx_0086_104755.jpg,109
8370,143.Caspian_Tern/Caspian_Tern_0123_145774.jpg,142
11089,189.Red_bellied_Woodpecker/Red_Bellied_Woodpecker_0058_182317.jpg,188
9022,154.Red_eyed_Vireo/Red_Eyed_Vireo_0058_156965.jpg,153
8877,152.Blue_headed_Vireo/Blue_Headed_Vireo_0075_156181.jpg,151
9204,157.Yellow_throated_Vireo/Yellow_Throated_Vireo_0064_794992.jpg,156
400,008.Rhinoceros_Auklet/Rhinoceros_Auklet_0007_797521.jpg,7
7490,128.Seaside_Sparrow/Seaside_Sparrow_0048_120758.jpg,127
5514,095.Baltimore_Oriole/Baltimore_Oriole_0133_87602.jpg,94
2245,040.Olive_sided_Flycatcher/Olive_Sided_Flycatcher_0033_30532.jpg,39
3561,062.Herring_Gull/Herring_Gull_0100_46677.jpg,61
9822,167.Hooded_Warbler/Hooded_Warbler_0011_164801.jpg,166
9750,166.Golden_winged_Warbler/Golden_Winged_Warbler_0046_794828.jpg,165
225,004.Groove_billed_Ani/Groove_Billed_Ani_0027_1754.jpg,3
10249,175.Pine_Warbler/Pine_Warbler_0021_171525.jpg,174
11717,199.Winter_Wren/Winter_Wren_0026_189816.jpg,198
2047,036.Northern_Flicker/Northern_Flicker_0096_28623.jpg,35
2779,049.Boat_tailed_Grackle/Boat_Tailed_Grackle_0112_33841.jpg,48
929,017.Cardinal/Cardinal_0028_18054.jpg,16
4072,070.Green_Violetear/Green_Violetear_0084_795641.jpg,69
10263,175.Pine_Warbler/Pine_Warbler_0025_171110.jpg,174
6974,120.Fox_Sparrow/Fox_Sparrow_0010_114728.jpg,119
4756,082.Ringed_Kingfisher/Ringed_Kingfisher_0014_72798.jpg,81
485,010.Red_winged_Blackbird/Red_Winged_Blackbird_0059_4612.jpg,9
1509,027.Shiny_Cowbird/Shiny_Cowbird_0006_796864.jpg,26
5042,087.Mallard/Mallard_0077_75911.jpg,86
2122,038.Great_Crested_Flycatcher/Great_Crested_Flycatcher_0070_29455.jpg,37
8676,148.Green_tailed_Towhee/Green_Tailed_Towhee_0027_154823.jpg,147
2911,051.Horned_Grebe/Horned_Grebe_0046_34926.jpg,50
7042,121.Grasshopper_Sparrow/Grasshopper_Sparrow_0126_116029.jpg,120
4776,082.Ringed_Kingfisher/Ringed_Kingfisher_0017_73145.jpg,81
5292,091.Mockingbird/Mockingbird_0069_79760.jpg,90
7238,124.Le_Conte_Sparrow/Le_Conte_Sparrow_0084_795189.jpg,123
9660,165.Chestnut_sided_Warbler/Chestnut_Sided_Warbler_0006_163858.jpg,164
6128,105.Whip_poor_Will/Whip_Poor_Will_0024_100444.jpg,104
9361,160.Black_throated_Blue_Warbler/Black_Throated_Blue_Warbler_0090_161507.jpg,159
2894,051.Horned_Grebe/Horned_Grebe_0055_35104.jpg,50
8491,145.Elegant_Tern/Elegant_Tern_0073_150925.jpg,144
2747,048.European_Goldfinch/European_Goldfinch_0030_33357.jpg,47
1988,035.Purple_Finch/Purple_Finch_0108_28143.jpg,34
3260,057.Rose_breasted_Grosbeak/Rose_Breasted_Grosbeak_0084_39053.jpg,56
7262,124.Le_Conte_Sparrow/Le_Conte_Sparrow_0055_117036.jpg,123
6143,105.Whip_poor_Will/Whip_Poor_Will_0050_796415.jpg,104
3799,066.Western_Gull/Western_Gull_0080_53445.jpg,65
11705,199.Winter_Wren/Winter_Wren_0033_189635.jpg,198
7592,130.Tree_Sparrow/Tree_Sparrow_0125_123078.jpg,129
1802,032.Mangrove_Cuckoo/Mangrove_Cuckoo_0016_794607.jpg,31
3268,057.Rose_breasted_Grosbeak/Rose_Breasted_Grosbeak_0081_39136.jpg,56
6507,112.Great_Grey_Shrike/Great_Grey_Shrike_0054_106768.jpg,111
6739,116.Chipping_Sparrow/Chipping_Sparrow_0008_107810.jpg,115
1766,032.Mangrove_Cuckoo/Mangrove_Cuckoo_0042_794628.jpg,31
7962,136.Barn_Swallow/Barn_Swallow_0066_130214.jpg,135
10558,180.Wilson_Warbler/Wilson_Warbler_0010_175750.jpg,179
3816,066.Western_Gull/Western_Gull_0090_53603.jpg,65
4530,078.Gray_Kingbird/Gray_Kingbird_0003_70305.jpg,77
4546,078.Gray_Kingbird/Gray_Kingbird_0030_70110.jpg,77
1380,025.Pelagic_Cormorant/Pelagic_Cormorant_0093_23722.jpg,24
4355,075.Green_Jay/Green_Jay_0114_65841.jpg,74
4639,080.Green_Kingfisher/Green_Kingfisher_0042_71028.jpg,79
4216,073.Blue_Jay/Blue_Jay_0035_63560.jpg,72
10609,181.Worm_eating_Warbler/Worm_Eating_Warbler_0097_176010.jpg,180
3913,068.Ruby_throated_Hummingbird/Ruby_Throated_Hummingbird_0042_57431.jpg,67
4871,084.Red_legged_Kittiwake/Red_Legged_Kittiwake_0045_795426.jpg,83
5490,094.White_breasted_Nuthatch/White_Breasted_Nuthatch_0137_86910.jpg,93
4551,078.Gray_Kingbird/Gray_Kingbird_0040_70313.jpg,77
2907,051.Horned_Grebe/Horned_Grebe_0090_34640.jpg,50
8792,150.Sage_Thrasher/Sage_Thrasher_0070_155732.jpg,149
6043,104.American_Pipit/American_Pipit_0114_100380.jpg,103
8941,153.Philadelphia_Vireo/Philadelphia_Vireo_0047_156521.jpg,152
7554,129.Song_Sparrow/Song_Sparrow_0077_121196.jpg,128
5880,101.White_Pelican/White_Pelican_0039_97363.jpg,100
2544,045.Northern_Fulmar/Northern_Fulmar_0010_44112.jpg,44
5004,086.Pacific_Loon/Pacific_Loon_0067_75423.jpg,85
9387,160.Black_throated_Blue_Warbler/Black_Throated_Blue_Warbler_0061_161667.jpg,159
6568,113.Baird_Sparrow/Baird_Sparrow_0002_794551.jpg,112
5236,090.Red_breasted_Merganser/Red_Breasted_Merganser_0023_79477.jpg,89
8177,140.Summer_Tanager/Summer_Tanager_0035_139561.jpg,139
4358,075.Green_Jay/Green_Jay_0032_65851.jpg,74
8217,140.Summer_Tanager/Summer_Tanager_0030_139210.jpg,139
2114,038.Great_Crested_Flycatcher/Great_Crested_Flycatcher_0108_29712.jpg,37
5604,096.Hooded_Oriole/Hooded_Oriole_0013_90445.jpg,95
11376,194.Cactus_Wren/Cactus_Wren_0108_185733.jpg,193
3739,065.Slaty_backed_Gull/Slaty_Backed_Gull_0020_796012.jpg,64
7599,130.Tree_Sparrow/Tree_Sparrow_0057_123665.jpg,129
10076,172.Nashville_Warbler/Nashville_Warbler_0050_167475.jpg,171
4541,078.Gray_Kingbird/Gray_Kingbird_0042_70083.jpg,77
1452,026.Bronzed_Cowbird/Bronzed_Cowbird_0018_24140.jpg,25
1839,033.Yellow_billed_Cuckoo/Yellow_Billed_Cuckoo_0002_26715.jpg,32
8744,149.Brown_Thrasher/Brown_Thrasher_0001_155380.jpg,148
2388,042.Vermilion_Flycatcher/Vermilion_Flycatcher_0040_42398.jpg,41
2094,037.Acadian_Flycatcher/Acadian_Flycatcher_0039_795606.jpg,36
3314,058.Pigeon_Guillemot/Pigeon_Guillemot_0073_40209.jpg,57
10715,182.Yellow_Warbler/Yellow_Warbler_0020_176364.jpg,181
2115,038.Great_Crested_Flycatcher/Great_Crested_Flycatcher_0084_29716.jpg,37
9850,168.Kentucky_Warbler/Kentucky_Warbler_0042_165268.jpg,167
11075,189.Red_bellied_Woodpecker/Red_Bellied_Woodpecker_0073_180994.jpg,188
5008,086.Pacific_Loon/Pacific_Loon_0046_75439.jpg,85
1813,032.Mangrove_Cuckoo/Mangrove_Cuckoo_0019_794621.jpg,31
9966,170.Mourning_Warbler/Mourning_Warbler_0029_166530.jpg,169
7029,120.Fox_Sparrow/Fox_Sparrow_0124_114662.jpg,119
7605,130.Tree_Sparrow/Tree_Sparrow_0086_123751.jpg,129
2706,047.American_Goldfinch/American_Goldfinch_0026_32222.jpg,46
6041,104.American_Pipit/American_Pipit_0021_100378.jpg,103
9944,169.Magnolia_Warbler/Magnolia_Warbler_0011_166382.jpg,168
7742,132.White_crowned_Sparrow/White_Crowned_Sparrow_0119_126932.jpg,131
6020,103.Sayornis/Sayornis_0011_98610.jpg,102
3255,057.Rose_breasted_Grosbeak/Rose_Breasted_Grosbeak_0097_39514.jpg,56
4363,075.Green_Jay/Green_Jay_0095_65881.jpg,74
4452,077.Tropical_Kingbird/Tropical_Kingbird_0097_69436.jpg,76
10189,174.Palm_Warbler/Palm_Warbler_0093_170499.jpg,173
1879,034.Gray_crowned_Rosy_Finch/Gray_Crowned_Rosy_Finch_0075_27165.jpg,33
7345,126.Nelson_Sharp_tailed_Sparrow/Nelson_Sharp_Tailed_Sparrow_0019_118066.jpg,125
1820,033.Yellow_billed_Cuckoo/Yellow_Billed_Cuckoo_0082_26655.jpg,32
11166,190.Red_cockaded_Woodpecker/Red_Cockaded_Woodpecker_0027_794713.jpg,189
11065,188.Pileated_Woodpecker/Pileated_Woodpecker_0116_179948.jpg,187
3689,064.Ring_billed_Gull/Ring_Billed_Gull_0070_51316.jpg,63
988,018.Spotted_Catbird/Spotted_Catbird_0019_796788.jpg,17
7156,123.Henslow_Sparrow/Henslow_Sparrow_0009_796611.jpg,122
8208,140.Summer_Tanager/Summer_Tanager_0046_139802.jpg,139
8145,139.Scarlet_Tanager/Scarlet_Tanager_0077_137626.jpg,138
2133,038.Great_Crested_Flycatcher/Great_Crested_Flycatcher_0009_29831.jpg,37
3618,063.Ivory_Gull/Ivory_Gull_0045_49696.jpg,62
1106,020.Yellow_breasted_Chat/Yellow_Breasted_Chat_0105_21714.jpg,19
8267,141.Artic_Tern/Artic_Tern_0124_142121.jpg,140
3862,067.Anna_Hummingbird/Anna_Hummingbird_0109_57022.jpg,66
4842,083.White_breasted_Kingfisher/White_Breasted_Kingfisher_0062_73425.jpg,82
9726,166.Golden_winged_Warbler/Golden_Winged_Warbler_0004_164470.jpg,165
3221,056.Pine_Grosbeak/Pine_Grosbeak_0078_38242.jpg,55
2384,042.Vermilion_Flycatcher/Vermilion_Flycatcher_0036_42389.jpg,41
3818,066.Western_Gull/Western_Gull_0117_44697.jpg,65
6900,118.House_Sparrow/House_Sparrow_0074_111997.jpg,117
5472,094.White_breasted_Nuthatch/White_Breasted_Nuthatch_0048_86207.jpg,93
8638,147.Least_Tern/Least_Tern_0048_153550.jpg,146
9074,155.Warbling_Vireo/Warbling_Vireo_0004_158376.jpg,154
755,014.Indigo_Bunting/Indigo_Bunting_0041_13987.jpg,13
7079,121.Grasshopper_Sparrow/Grasshopper_Sparrow_0115_115914.jpg,120
780,015.Lazuli_Bunting/Lazuli_Bunting_0073_14594.jpg,14
3224,056.Pine_Grosbeak/Pine_Grosbeak_0114_38259.jpg,55
8390,143.Caspian_Tern/Caspian_Tern_0116_145607.jpg,142
856,016.Painted_Bunting/Painted_Bunting_0091_15198.jpg,15
2311,041.Scissor_tailed_Flycatcher/Scissor_Tailed_Flycatcher_0069_41827.jpg,40
715,013.Bobolink/Bobolink_0117_10215.jpg,12
3143,055.Evening_Grosbeak/Evening_Grosbeak_0051_37954.jpg,54
6395,110.Geococcyx/Geococcyx_0114_104136.jpg,109
3589,062.Herring_Gull/Herring_Gull_0010_46425.jpg,61
9271,158.Bay_breasted_Warbler/Bay_Breasted_Warbler_0073_797138.jpg,157
2720,048.European_Goldfinch/European_Goldfinch_0025_794647.jpg,47
5313,091.Mockingbird/Mockingbird_0086_81868.jpg,90
1250,023.Brandt_Cormorant/Brandt_Cormorant_0013_23391.jpg,22
4326,075.Green_Jay/Green_Jay_0128_65629.jpg,74
2888,050.Eared_Grebe/Eared_Grebe_0004_34277.jpg,49
10209,174.Palm_Warbler/Palm_Warbler_0095_170610.jpg,173
4970,086.Pacific_Loon/Pacific_Loon_0031_75531.jpg,85
5945,102.Western_Wood_Pewee/Western_Wood_Pewee_0079_795047.jpg,101
4706,081.Pied_Kingfisher/Pied_Kingfisher_0093_72465.jpg,80
927,017.Cardinal/Cardinal_0020_18664.jpg,16
10132,173.Orange_crowned_Warbler/Orange_Crowned_Warbler_0080_167960.jpg,172
2271,040.Olive_sided_Flycatcher/Olive_Sided_Flycatcher_0020_796881.jpg,39
6249,107.Common_Raven/Common_Raven_0086_101221.jpg,106
4445,077.Tropical_Kingbird/Tropical_Kingbird_0049_69933.jpg,76
4803,083.White_breasted_Kingfisher/White_Breasted_Kingfisher_0084_73247.jpg,82
2510,044.Frigatebird/Frigatebird_0114_42807.jpg,43
6533,112.Great_Grey_Shrike/Great_Grey_Shrike_0063_797042.jpg,111
8499,145.Elegant_Tern/Elegant_Tern_0048_150693.jpg,144
8498,145.Elegant_Tern/Elegant_Tern_0004_150948.jpg,144
1165,021.Eastern_Towhee/Eastern_Towhee_0082_22330.jpg,20
4784,082.Ringed_Kingfisher/Ringed_Kingfisher_0108_73169.jpg,81
335,007.Parakeet_Auklet/Parakeet_Auklet_0069_795936.jpg,6
7645,131.Vesper_Sparrow/Vesper_Sparrow_0020_125794.jpg,130
8379,143.Caspian_Tern/Caspian_Tern_0009_145057.jpg,142
1270,023.Brandt_Cormorant/Brandt_Cormorant_0015_23198.jpg,22
4003,069.Rufous_Hummingbird/Rufous_Hummingbird_0043_58652.jpg,68
10783,184.Louisiana_Waterthrush/Louisiana_Waterthrush_0023_795269.jpg,183
3998,069.Rufous_Hummingbird/Rufous_Hummingbird_0006_59621.jpg,68
7426,127.Savannah_Sparrow/Savannah_Sparrow_0091_120630.jpg,126
1286,023.Brandt_Cormorant/Brandt_Cormorant_0063_22865.jpg,22
4012,069.Rufous_Hummingbird/Rufous_Hummingbird_0095_60360.jpg,68
10354,176.Prairie_Warbler/Prairie_Warbler_0050_173281.jpg,175
4406,076.Dark_eyed_Junco/Dark_Eyed_Junco_0130_67867.jpg,75
5523,095.Baltimore_Oriole/Baltimore_Oriole_0024_89720.jpg,94
10140,173.Orange_crowned_Warbler/Orange_Crowned_Warbler_0051_168002.jpg,172
3897,068.Ruby_throated_Hummingbird/Ruby_Throated_Hummingbird_0045_57347.jpg,67
6312,108.White_necked_Raven/White_Necked_Raven_0001_797384.jpg,107
4071,070.Green_Violetear/Green_Violetear_0086_795639.jpg,69
4769,082.Ringed_Kingfisher/Ringed_Kingfisher_0052_72871.jpg,81
3181,055.Evening_Grosbeak/Evening_Grosbeak_0075_37302.jpg,54
7911,135.Bank_Swallow/Bank_Swallow_0058_129756.jpg,134
6994,120.Fox_Sparrow/Fox_Sparrow_0063_114350.jpg,119
8648,148.Green_tailed_Towhee/Green_Tailed_Towhee_0069_797441.jpg,147
2564,045.Northern_Fulmar/Northern_Fulmar_0048_43672.jpg,44
6070,104.American_Pipit/American_Pipit_0058_100218.jpg,103
2905,051.Horned_Grebe/Horned_Grebe_0031_34626.jpg,50
1872,033.Yellow_billed_Cuckoo/Yellow_Billed_Cuckoo_0032_26616.jpg,32
6792,117.Clay_colored_Sparrow/Clay_Colored_Sparrow_0056_110848.jpg,116
11155,190.Red_cockaded_Woodpecker/Red_Cockaded_Woodpecker_0021_182647.jpg,189
5690,098.Scott_Oriole/Scott_Oriole_0045_92237.jpg,97
111,002.Laysan_Albatross/Laysan_Albatross_0100_735.jpg,1
7382,126.Nelson_Sharp_tailed_Sparrow/Nelson_Sharp_Tailed_Sparrow_0015_796922.jpg,125
4383,076.Dark_eyed_Junco/Dark_Eyed_Junco_0062_68198.jpg,75
9322,159.Black_and_white_Warbler/Black_And_White_Warbler_0127_160031.jpg,158
4435,077.Tropical_Kingbird/Tropical_Kingbird_0098_69642.jpg,76
4183,072.Pomarine_Jaeger/Pomarine_Jaeger_0039_61348.jpg,71
1604,029.American_Crow/American_Crow_0116_25199.jpg,28
3035,053.Western_Grebe/Western_Grebe_0032_36439.jpg,52
2408,042.Vermilion_Flycatcher/Vermilion_Flycatcher_0050_42479.jpg,41
7910,135.Bank_Swallow/Bank_Swallow_0017_129755.jpg,134
9979,170.Mourning_Warbler/Mourning_Warbler_0035_166586.jpg,169
7535,129.Song_Sparrow/Song_Sparrow_0090_121057.jpg,128
928,017.Cardinal/Cardinal_0053_17541.jpg,16
297,006.Least_Auklet/Least_Auklet_0020_795080.jpg,5
2478,044.Frigatebird/Frigatebird_0119_43042.jpg,43
3119,054.Blue_Grosbeak/Blue_Grosbeak_0099_36828.jpg,53
11088,189.Red_bellied_Woodpecker/Red_Bellied_Woodpecker_0125_180780.jpg,188
1327,024.Red_faced_Cormorant/Red_Faced_Cormorant_0017_796323.jpg,23
10602,180.Wilson_Warbler/Wilson_Warbler_0132_175600.jpg,179
2964,052.Pied_billed_Grebe/Pied_Billed_Grebe_0048_35670.jpg,51
7258,124.Le_Conte_Sparrow/Le_Conte_Sparrow_0075_795234.jpg,123
11421,194.Cactus_Wren/Cactus_Wren_0034_185817.jpg,193
8014,137.Cliff_Swallow/Cliff_Swallow_0075_134516.jpg,136
8341,142.Black_Tern/Black_Tern_0097_144724.jpg,141
4780,082.Ringed_Kingfisher/Ringed_Kingfisher_0042_72913.jpg,81
8229,141.Artic_Tern/Artic_Tern_0085_142083.jpg,140
1823,033.Yellow_billed_Cuckoo/Yellow_Billed_Cuckoo_0022_26423.jpg,32
5392,093.Clark_Nutcracker/Clark_Nutcracker_0105_85097.jpg,92
9450,161.Blue_winged_Warbler/Blue_Winged_Warbler_0035_161741.jpg,160
2667,047.American_Goldfinch/American_Goldfinch_0092_32910.jpg,46
8989,153.Philadelphia_Vireo/Philadelphia_Vireo_0024_156645.jpg,152
5289,091.Mockingbird/Mockingbird_0010_79955.jpg,90
3422,059.California_Gull/California_Gull_0135_41383.jpg,58
5727,098.Scott_Oriole/Scott_Oriole_0040_795839.jpg,97
4907,085.Horned_Lark/Horned_Lark_0010_75291.jpg,84
4030,070.Green_Violetear/Green_Violetear_0105_795694.jpg,69
4093,071.Long_tailed_Jaeger/Long_Tailed_Jaeger_0005_797062.jpg,70
9810,167.Hooded_Warbler/Hooded_Warbler_0014_164672.jpg,166
1181,022.Chuck_will_Widow/Chuck_Will_Widow_0053_796953.jpg,21
2439,043.Yellow_bellied_Flycatcher/Yellow_Bellied_Flycatcher_0018_795494.jpg,42
8288,142.Black_Tern/Black_Tern_0053_143882.jpg,141
8653,148.Green_tailed_Towhee/Green_Tailed_Towhee_0074_154915.jpg,147
10931,186.Cedar_Waxwing/Cedar_Waxwing_0125_178921.jpg,185
11491,196.House_Wren/House_Wren_0071_187399.jpg,195
3093,054.Blue_Grosbeak/Blue_Grosbeak_0020_36967.jpg,53
6995,120.Fox_Sparrow/Fox_Sparrow_0035_114866.jpg,119
5173,089.Hooded_Merganser/Hooded_Merganser_0083_796773.jpg,88
5522,095.Baltimore_Oriole/Baltimore_Oriole_0045_88178.jpg,94
10398,177.Prothonotary_Warbler/Prothonotary_Warbler_0038_173867.jpg,176
9895,169.Magnolia_Warbler/Magnolia_Warbler_0064_165471.jpg,168
8373,143.Caspian_Tern/Caspian_Tern_0029_147589.jpg,142
5825,100.Brown_Pelican/Brown_Pelican_0031_93874.jpg,99
11358,193.Bewick_Wren/Bewick_Wren_0088_184733.jpg,192
4861,084.Red_legged_Kittiwake/Red_Legged_Kittiwake_0029_795403.jpg,83
2690,047.American_Goldfinch/American_Goldfinch_0037_32071.jpg,46
4122,071.Long_tailed_Jaeger/Long_Tailed_Jaeger_0037_797099.jpg,70
1898,034.Gray_crowned_Rosy_Finch/Gray_Crowned_Rosy_Finch_0071_797285.jpg,33
1641,029.American_Crow/American_Crow_0059_25599.jpg,28
1242,023.Brandt_Cormorant/Brandt_Cormorant_0021_23097.jpg,22
11787,200.Common_Yellowthroat/Common_Yellowthroat_0049_190708.jpg,199
11272,192.Downy_Woodpecker/Downy_Woodpecker_0090_183964.jpg,191
429,009.Brewer_Blackbird/Brewer_Blackbird_0135_2607.jpg,8
3674,064.Ring_billed_Gull/Ring_Billed_Gull_0100_52779.jpg,63
4407,076.Dark_eyed_Junco/Dark_Eyed_Junco_0099_67868.jpg,75
4100,071.Long_tailed_Jaeger/Long_Tailed_Jaeger_0022_797074.jpg,70
1299,024.Red_faced_Cormorant/Red_Faced_Cormorant_0050_796276.jpg,23
8323,142.Black_Tern/Black_Tern_0069_144359.jpg,141
819,015.Lazuli_Bunting/Lazuli_Bunting_0046_14787.jpg,14
1595,029.American_Crow/American_Crow_0113_25149.jpg,28
53,001.Black_footed_Albatross/Black_Footed_Albatross_0068_796135.jpg,0
10821,184.Louisiana_Waterthrush/Louisiana_Waterthrush_0045_795274.jpg,183
418,008.Rhinoceros_Auklet/Rhinoceros_Auklet_0012_2161.jpg,7
1795,032.Mangrove_Cuckoo/Mangrove_Cuckoo_0038_794600.jpg,31
2704,047.American_Goldfinch/American_Goldfinch_0121_32725.jpg,46
4105,071.Long_tailed_Jaeger/Long_Tailed_Jaeger_0018_61081.jpg,70
11025,188.Pileated_Woodpecker/Pileated_Woodpecker_0110_180521.jpg,187
6240,107.Common_Raven/Common_Raven_0079_101100.jpg,106
7461,128.Seaside_Sparrow/Seaside_Sparrow_0071_796519.jpg,127
6461,111.Loggerhead_Shrike/Loggerhead_Shrike_0019_106132.jpg,110
10953,186.Cedar_Waxwing/Cedar_Waxwing_0093_178139.jpg,185
