id,image_file,bbox,class_label
3498,117.Clay_colored_Sparrow/Clay_Colored_Sparrow_0091_110768.jpg,79.0|127.0|324.0|294.0,116
882,030.Fish_Crow/Fish_Crow_0076_25971.jpg,24.0|18.0|480.0|249.0,29
4673,157.Yellow_throated_Vireo/Yellow_Throated_Vireo_0008_159573.jpg,132.0|58.0|403.0|316.0,156
5794,194.Cactus_Wren/Cactus_Wren_0044_185492.jpg,170.0|120.0|300.0|326.0,193
1326,045.Northern_Fulmar/Northern_Fulmar_0019_43853.jpg,111.0|125.0|265.0|274.0,44
2447,082.Ringed_Kingfisher/Ringed_Kingfisher_0017_73145.jpg,208.0|114.0|316.0|248.0,81
3885,130.Tree_Sparrow/Tree_Sparrow_0123_125324.jpg,168.0|103.0|316.0|275.0,129
1189,040.Olive_sided_Flycatcher/Olive_Sided_Flycatcher_0012_796876.jpg,40.0|32.0|401.0|377.0,39
5073,170.Mourning_Warbler/Mourning_Warbler_0073_166524.jpg,271.0|96.0|393.0|248.0,169
3152,106.Horned_Puffin/Horned_Puffin_0082_100876.jpg,109.0|117.0|373.0|249.0,105
1989,067.Anna_Hummingbird/Anna_Hummingbird_0109_57022.jpg,0.0|0.0|318.0|265.0,66
5465,183.Northern_Waterthrush/Northern_Waterthrush_0024_177293.jpg,133.0|83.0|422.0|265.0,182
134,005.Crested_Auklet/Crested_Auklet_0012_794960.jpg,98.0|57.0|220.0|343.0,4
4610,154.Red_eyed_Vireo/Red_Eyed_Vireo_0106_157102.jpg,92.0|66.0|304.0|316.0,153
1095,037.Acadian_Flycatcher/Acadian_Flycatcher_0006_795595.jpg,40.0|87.0|451.0|446.0,36
429,015.Lazuli_Bunting/Lazuli_Bunting_0061_15155.jpg,138.0|100.0|405.0|469.0,14
4036,135.Bank_Swallow/Bank_Swallow_0054_129743.jpg,136.0|82.0|395.0|399.0,134
2232,075.Green_Jay/Green_Jay_0015_65796.jpg,113.0|136.0|246.0|261.0,74
472,016.Painted_Bunting/Painted_Bunting_0046_16535.jpg,50.0|58.0|274.0|268.0,15
1391,047.American_Goldfinch/American_Goldfinch_0091_31938.jpg,102.0|71.0|384.0|316.0,46
5747,192.Downy_Woodpecker/Downy_Woodpecker_0123_184692.jpg,7.0|32.0|318.0|498.0,191
1393,047.American_Goldfinch/American_Goldfinch_0041_31969.jpg,90.0|44.0|290.0|296.0,46
214,008.Rhinoceros_Auklet/Rhinoceros_Auklet_0023_797501.jpg,160.0|87.0|275.0|190.0,7
4185,140.Summer_Tanager/Summer_Tanager_0058_139427.jpg,172.0|103.0|331.0|420.0,139
5284,177.Prothonotary_Warbler/Prothonotary_Warbler_0021_173816.jpg,184.0|92.0|435.0|255.0,176
5764,193.Bewick_Wren/Bewick_Wren_0003_185072.jpg,165.0|93.0|422.0|253.0,192
1715,058.Pigeon_Guillemot/Pigeon_Guillemot_0019_40515.jpg,158.0|31.0|297.0|295.0,57
875,030.Fish_Crow/Fish_Crow_0005_25912.jpg,2.0|123.0|488.0|292.0,29
3939,132.White_crowned_Sparrow/White_Crowned_Sparrow_0010_127651.jpg,117.0|74.0|490.0|332.0,131
3147,106.Horned_Puffin/Horned_Puffin_0024_100620.jpg,24.0|66.0|253.0|260.0,105
257,009.Brewer_Blackbird/Brewer_Blackbird_0074_2277.jpg,48.0|86.0|174.0|190.0,8
5712,191.Red_headed_Woodpecker/Red_Headed_Woodpecker_0005_183414.jpg,80.0|68.0|239.0|444.0,190
5828,195.Carolina_Wren/Carolina_Wren_0113_186675.jpg,175.0|58.0|299.0|217.0,194
3233,108.White_necked_Raven/White_Necked_Raven_0067_102630.jpg,180.0|39.0|340.0|293.0,107
3069,103.Sayornis/Sayornis_0005_98958.jpg,68.0|53.0|364.0|250.0,102
5097,171.Myrtle_Warbler/Myrtle_Warbler_0101_166942.jpg,142.0|118.0|320.0|252.0,170
773,026.Bronzed_Cowbird/Bronzed_Cowbird_0039_24026.jpg,33.0|86.0|299.0|418.0,25
828,028.Brown_Creeper/Brown_Creeper_0048_24976.jpg,127.0|55.0|239.0|453.0,27
4073,137.Cliff_Swallow/Cliff_Swallow_0088_134188.jpg,69.0|138.0|296.0|342.0,136
5989,200.Common_Yellowthroat/Common_Yellowthroat_0049_190708.jpg,3.0|20.0|411.0|327.0,199
4348,146.Forsters_Tern/Forsters_Tern_0088_151893.jpg,146.0|134.0|366.0|379.0,145
1706,057.Rose_breasted_Grosbeak/Rose_Breasted_Grosbeak_0092_39367.jpg,118.0|118.0|409.0|300.0,56
4486,150.Sage_Thrasher/Sage_Thrasher_0043_155574.jpg,84.0|103.0|431.0|405.0,149
2357,079.Belted_Kingfisher/Belted_Kingfisher_0024_70538.jpg,238.0|50.0|433.0|276.0,78
5606,188.Pileated_Woodpecker/Pileated_Woodpecker_0105_180246.jpg,142.0|98.0|277.0|334.0,187
733,025.Pelagic_Cormorant/Pelagic_Cormorant_0064_23641.jpg,82.0|18.0|315.0|286.0,24
29,001.Black_footed_Albatross/Black_Footed_Albatross_0081_426.jpg,96.0|77.0|356.0|247.0,0
2378,080.Green_Kingfisher/Green_Kingfisher_0091_71248.jpg,199.0|98.0|425.0|249.0,79
5075,170.Mourning_Warbler/Mourning_Warbler_0062_166531.jpg,148.0|116.0|306.0|219.0,169
2038,069.Rufous_Hummingbird/Rufous_Hummingbird_0111_59408.jpg,19.0|70.0|431.0|307.0,68
5160,173.Orange_crowned_Warbler/Orange_Crowned_Warbler_0042_167614.jpg,37.0|100.0|494.0|356.0,172
910,031.Black_billed_Cuckoo/Black_Billed_Cuckoo_0066_26303.jpg,107.0|29.0|318.0|374.0,30
3908,131.Vesper_Sparrow/Vesper_Sparrow_0019_125558.jpg,109.0|71.0|438.0|379.0,130
1726,058.Pigeon_Guillemot/Pigeon_Guillemot_0090_40090.jpg,140.0|150.0|337.0|410.0,57
555,019.Gray_Catbird/Gray_Catbird_0015_21230.jpg,10.0|72.0|440.0|273.0,18
217,008.Rhinoceros_Auklet/Rhinoceros_Auklet_0006_797512.jpg,46.0|38.0|345.0|195.0,7
3242,109.American_Redstart/American_Redstart_0024_103042.jpg,264.0|57.0|432.0|195.0,108
2913,098.Scott_Oriole/Scott_Oriole_0068_795804.jpg,165.0|67.0|345.0|451.0,97
5965,200.Common_Yellowthroat/Common_Yellowthroat_0028_190527.jpg,125.0|71.0|363.0|444.0,199
5074,170.Mourning_Warbler/Mourning_Warbler_0029_166530.jpg,46.0|64.0|406.0|375.0,169
3879,130.Tree_Sparrow/Tree_Sparrow_0039_124140.jpg,181.0|109.0|439.0|452.0,129
1066,036.Northern_Flicker/Northern_Flicker_0106_28441.jpg,118.0|57.0|483.0|269.0,35
1746,059.California_Gull/California_Gull_0064_41562.jpg,187.0|56.0|462.0|318.0,58
5651,189.Red_bellied_Woodpecker/Red_Bellied_Woodpecker_0086_181891.jpg,145.0|30.0|408.0|323.0,188
5252,176.Prairie_Warbler/Prairie_Warbler_0063_172682.jpg,271.0|120.0|429.0|308.0,175
4670,156.White_eyed_Vireo/White_Eyed_Vireo_0002_159180.jpg,171.0|157.0|288.0|257.0,155
1928,065.Slaty_backed_Gull/Slaty_Backed_Gull_0077_796017.jpg,52.0|14.0|358.0|311.0,64
4864,163.Cape_May_Warbler/Cape_May_Warbler_0028_163177.jpg,245.0|57.0|385.0|216.0,162
3573,120.Fox_Sparrow/Fox_Sparrow_0009_114796.jpg,20.0|26.0|438.0|361.0,119
3787,127.Savannah_Sparrow/Savannah_Sparrow_0067_118491.jpg,163.0|51.0|416.0|323.0,126
5051,169.Magnolia_Warbler/Magnolia_Warbler_0030_165782.jpg,110.0|86.0|443.0|289.0,168
3376,113.Baird_Sparrow/Baird_Sparrow_0018_794584.jpg,232.0|57.0|420.0|279.0,112
72,003.Sooty_Albatross/Sooty_Albatross_0073_1171.jpg,89.0|168.0|249.0|413.0,2
527,018.Spotted_Catbird/Spotted_Catbird_0005_19411.jpg,104.0|8.0|342.0|328.0,17
1536,052.Pied_billed_Grebe/Pied_Billed_Grebe_0048_35670.jpg,68.0|40.0|477.0|282.0,51
737,025.Pelagic_Cormorant/Pelagic_Cormorant_0055_23415.jpg,58.0|245.0|170.0|424.0,24
4399,147.Least_Tern/Least_Tern_0050_153254.jpg,67.0|177.0|322.0|306.0,146
5126,172.Nashville_Warbler/Nashville_Warbler_0128_166444.jpg,149.0|126.0|448.0|310.0,171
1985,067.Anna_Hummingbird/Anna_Hummingbird_0017_56954.jpg,59.0|52.0|251.0|242.0,66
2807,094.White_breasted_Nuthatch/White_Breasted_Nuthatch_0137_86910.jpg,37.0|71.0|381.0|223.0,93
2623,088.Western_Meadowlark/Western_Meadowlark_0097_78239.jpg,49.0|36.0|281.0|359.0,87
1529,052.Pied_billed_Grebe/Pied_Billed_Grebe_0064_35843.jpg,187.0|34.0|368.0|193.0,51
195,007.Parakeet_Auklet/Parakeet_Auklet_0062_795958.jpg,48.0|107.0|261.0|426.0,6
949,032.Mangrove_Cuckoo/Mangrove_Cuckoo_0038_794600.jpg,52.0|43.0|459.0|326.0,31
5791,194.Cactus_Wren/Cactus_Wren_0025_185696.jpg,119.0|129.0|321.0|423.0,193
5905,198.Rock_Wren/Rock_Wren_0125_188951.jpg,165.0|70.0|432.0|300.0,197
405,014.Indigo_Bunting/Indigo_Bunting_0004_13195.jpg,102.0|128.0|292.0|324.0,13
3960,133.White_throated_Sparrow/White_Throated_Sparrow_0028_129118.jpg,166.0|62.0|293.0|309.0,132
1544,052.Pied_billed_Grebe/Pied_Billed_Grebe_0122_35970.jpg,172.0|39.0|373.0|192.0,51
1042,035.Purple_Finch/Purple_Finch_0004_27565.jpg,148.0|91.0|499.0|322.0,34
2891,097.Orchard_Oriole/Orchard_Oriole_0092_92128.jpg,118.0|102.0|462.0|331.0,96
5741,192.Downy_Woodpecker/Downy_Woodpecker_0032_184622.jpg,48.0|83.0|441.0|481.0,191
2585,087.Mallard/Mallard_0077_75911.jpg,69.0|2.0|345.0|400.0,86
5612,188.Pileated_Woodpecker/Pileated_Woodpecker_0110_180521.jpg,47.0|99.0|226.0|454.0,187
1121,038.Great_Crested_Flycatcher/Great_Crested_Flycatcher_0067_29384.jpg,155.0|52.0|316.0|244.0,37
2081,070.Green_Violetear/Green_Violetear_0108_795711.jpg,207.0|161.0|456.0|400.0,69
4873,163.Cape_May_Warbler/Cape_May_Warbler_0103_162972.jpg,218.0|132.0|443.0|301.0,162
1246,042.Vermilion_Flycatcher/Vermilion_Flycatcher_0034_42356.jpg,203.0|78.0|429.0|229.0,41
3370,113.Baird_Sparrow/Baird_Sparrow_0026_794574.jpg,49.0|6.0|220.0|249.0,112
3862,129.Song_Sparrow/Song_Sparrow_0058_121832.jpg,21.0|56.0|385.0|348.0,128
1525,051.Horned_Grebe/Horned_Grebe_0049_34779.jpg,47.0|48.0|392.0|266.0,50
1861,063.Ivory_Gull/Ivory_Gull_0052_50013.jpg,78.0|97.0|460.0|350.0,62
2749,092.Nighthawk/Nighthawk_0032_795333.jpg,39.0|29.0|367.0|295.0,91
349,012.Yellow_headed_Blackbird/Yellow_Headed_Blackbird_0003_8337.jpg,136.0|84.0|276.0|339.0,11
5644,189.Red_bellied_Woodpecker/Red_Bellied_Woodpecker_0026_180783.jpg,138.0|56.0|295.0|499.0,188
3126,105.Whip_poor_Will/Whip_Poor_Will_0013_796439.jpg,9.0|33.0|374.0|272.0,104
4015,135.Bank_Swallow/Bank_Swallow_0048_129546.jpg,66.0|44.0|234.0|256.0,134
5948,199.Winter_Wren/Winter_Wren_0051_189990.jpg,235.0|103.0|387.0|278.0,198
812,028.Brown_Creeper/Brown_Creeper_0103_24632.jpg,243.0|90.0|351.0|301.0,27
2134,072.Pomarine_Jaeger/Pomarine_Jaeger_0078_795758.jpg,41.0|31.0|378.0|289.0,71
3473,116.Chipping_Sparrow/Chipping_Sparrow_0005_108931.jpg,149.0|91.0|289.0|288.0,115
1596,054.Blue_Grosbeak/Blue_Grosbeak_0053_36709.jpg,33.0|233.0|206.0|416.0,53
4223,142.Black_Tern/Black_Tern_0004_143881.jpg,72.0|64.0|373.0|340.0,141
2542,085.Horned_Lark/Horned_Lark_0095_74640.jpg,170.0|106.0|448.0|315.0,84
2925,098.Scott_Oriole/Scott_Oriole_0077_795831.jpg,116.0|104.0|346.0|303.0,97
5168,173.Orange_crowned_Warbler/Orange_Crowned_Warbler_0071_167595.jpg,106.0|80.0|347.0|341.0,172
347,012.Yellow_headed_Blackbird/Yellow_Headed_Blackbird_0089_8326.jpg,148.0|104.0|287.0|473.0,11
2790,094.White_breasted_Nuthatch/White_Breasted_Nuthatch_0055_86075.jpg,96.0|2.0|340.0|269.0,93
5488,184.Louisiana_Waterthrush/Louisiana_Waterthrush_0003_177479.jpg,108.0|144.0|394.0|301.0,183
4646,156.White_eyed_Vireo/White_Eyed_Vireo_0122_159284.jpg,94.0|64.0|338.0|458.0,155
2036,068.Ruby_throated_Hummingbird/Ruby_Throated_Hummingbird_0110_57851.jpg,56.0|67.0|408.0|267.0,67
4582,154.Red_eyed_Vireo/Red_Eyed_Vireo_0034_157219.jpg,89.0|61.0|394.0|263.0,153
4676,157.Yellow_throated_Vireo/Yellow_Throated_Vireo_0003_794974.jpg,55.0|48.0|273.0|217.0,156
3586,120.Fox_Sparrow/Fox_Sparrow_0086_115484.jpg,190.0|105.0|468.0|328.0,119
2154,072.Pomarine_Jaeger/Pomarine_Jaeger_0041_61305.jpg,100.0|101.0|327.0|420.0,71
1692,057.Rose_breasted_Grosbeak/Rose_Breasted_Grosbeak_0017_39161.jpg,17.0|17.0|467.0|317.0,56
495,017.Cardinal/Cardinal_0020_18664.jpg,87.0|68.0|471.0|345.0,16
2311,078.Gray_Kingbird/Gray_Kingbird_0018_70241.jpg,28.0|59.0|368.0|265.0,77
521,018.Spotted_Catbird/Spotted_Catbird_0025_796819.jpg,13.0|29.0|289.0|487.0,17
2707,091.Mockingbird/Mockingbird_0004_81991.jpg,41.0|87.0|339.0|302.0,90
1299,044.Frigatebird/Frigatebird_0004_43221.jpg,128.0|63.0|388.0|371.0,43
4964,166.Golden_winged_Warbler/Golden_Winged_Warbler_0018_164558.jpg,164.0|136.0|453.0|334.0,165
2653,089.Hooded_Merganser/Hooded_Merganser_0036_796771.jpg,49.0|37.0|493.0|264.0,88
2625,088.Western_Meadowlark/Western_Meadowlark_0058_78247.jpg,95.0|180.0|243.0|311.0,87
326,011.Rusty_Blackbird/Rusty_Blackbird_0048_6632.jpg,127.0|142.0|493.0|324.0,10
2513,084.Red_legged_Kittiwake/Red_Legged_Kittiwake_0063_795453.jpg,0.0|46.0|399.0|187.0,83
5724,192.Downy_Woodpecker/Downy_Woodpecker_0138_184385.jpg,129.0|64.0|348.0|485.0,191
2959,099.Ovenbird/Ovenbird_0077_92590.jpg,44.0|127.0|350.0|383.0,98
4897,164.Cerulean_Warbler/Cerulean_Warbler_0089_163412.jpg,26.0|114.0|234.0|244.0,163
4045,136.Barn_Swallow/Barn_Swallow_0075_130014.jpg,264.0|78.0|495.0|243.0,135
4012,134.Cape_Glossy_Starling/Cape_Glossy_Starling_0091_129470.jpg,181.0|50.0|430.0|323.0,133
4746,159.Black_and_white_Warbler/Black_And_White_Warbler_0022_160512.jpg,165.0|139.0|320.0|327.0,158
1867,063.Ivory_Gull/Ivory_Gull_0107_49186.jpg,122.0|113.0|297.0|249.0,62
496,017.Cardinal/Cardinal_0053_17541.jpg,67.0|81.0|282.0|442.0,16
917,031.Black_billed_Cuckoo/Black_Billed_Cuckoo_0062_795309.jpg,1.0|33.0|283.0|305.0,30
4068,136.Barn_Swallow/Barn_Swallow_0064_132688.jpg,14.0|11.0|372.0|486.0,135
452,016.Painted_Bunting/Painted_Bunting_0061_16930.jpg,95.0|100.0|346.0|313.0,15
4446,149.Brown_Thrasher/Brown_Thrasher_0081_155256.jpg,126.0|31.0|369.0|328.0,148
3578,120.Fox_Sparrow/Fox_Sparrow_0063_114350.jpg,30.0|38.0|328.0|306.0,119
3284,110.Geococcyx/Geococcyx_0117_104227.jpg,13.0|93.0|360.0|369.0,109
1330,045.Northern_Fulmar/Northern_Fulmar_0095_43860.jpg,44.0|49.0|392.0|232.0,44
3157,106.Horned_Puffin/Horned_Puffin_0007_100699.jpg,184.0|103.0|414.0|295.0,105
704,024.Red_faced_Cormorant/Red_Faced_Cormorant_0037_796305.jpg,21.0|24.0|233.0|472.0,23
1843,062.Herring_Gull/Herring_Gull_0064_47832.jpg,141.0|62.0|420.0|240.0,61
2565,086.Pacific_Loon/Pacific_Loon_0034_75438.jpg,34.0|33.0|472.0|359.0,85
4687,157.Yellow_throated_Vireo/Yellow_Throated_Vireo_0041_794998.jpg,33.0|68.0|211.0|174.0,156
1900,064.Ring_billed_Gull/Ring_Billed_Gull_0117_51363.jpg,22.0|48.0|474.0|219.0,63
4625,155.Warbling_Vireo/Warbling_Vireo_0132_158420.jpg,167.0|62.0|346.0|382.0,154
1675,056.Pine_Grosbeak/Pine_Grosbeak_0033_38945.jpg,113.0|116.0|309.0|279.0,55
1524,051.Horned_Grebe/Horned_Grebe_0068_35111.jpg,74.0|66.0|328.0|200.0,50
1643,055.Evening_Grosbeak/Evening_Grosbeak_0130_37813.jpg,60.0|33.0|354.0|322.0,54
4891,164.Cerulean_Warbler/Cerulean_Warbler_0045_797217.jpg,41.0|59.0|469.0|281.0,163
4148,139.Scarlet_Tanager/Scarlet_Tanager_0100_138006.jpg,106.0|212.0|256.0|380.0,138
1332,045.Northern_Fulmar/Northern_Fulmar_0076_43893.jpg,65.0|42.0|386.0|333.0,44
1367,046.Gadwall/Gadwall_0060_31686.jpg,66.0|92.0|390.0|283.0,45
5423,182.Yellow_Warbler/Yellow_Warbler_0121_176402.jpg,186.0|109.0|419.0|295.0,181
1098,037.Acadian_Flycatcher/Acadian_Flycatcher_0007_795600.jpg,135.0|57.0|288.0|340.0,36
4570,153.Philadelphia_Vireo/Philadelphia_Vireo_0015_794778.jpg,198.0|101.0|440.0|285.0,152
5433,182.Yellow_Warbler/Yellow_Warbler_0030_176236.jpg,37.0|110.0|241.0|405.0,181
5338,179.Tennessee_Warbler/Tennessee_Warbler_0100_175168.jpg,26.0|67.0|312.0|223.0,178
2048,069.Rufous_Hummingbird/Rufous_Hummingbird_0060_58986.jpg,32.0|136.0|468.0|386.0,68
4974,167.Hooded_Warbler/Hooded_Warbler_0003_164915.jpg,164.0|68.0|334.0|264.0,166
3758,126.Nelson_Sharp_tailed_Sparrow/Nelson_Sharp_Tailed_Sparrow_0064_117965.jpg,122.0|143.0|235.0|299.0,125
584,020.Yellow_breasted_Chat/Yellow_Breasted_Chat_0100_21913.jpg,142.0|134.0|355.0|370.0,19
2434,082.Ringed_Kingfisher/Ringed_Kingfisher_0016_73029.jpg,166.0|162.0|383.0|282.0,81
4153,139.Scarlet_Tanager/Scarlet_Tanager_0095_137618.jpg,205.0|119.0|418.0|250.0,138
1507,051.Horned_Grebe/Horned_Grebe_0090_34640.jpg,71.0|48.0|368.0|232.0,50
265,009.Brewer_Blackbird/Brewer_Blackbird_0133_2324.jpg,58.0|48.0|349.0|443.0,8
1457,049.Boat_tailed_Grackle/Boat_Tailed_Grackle_0017_33480.jpg,143.0|53.0|462.0|267.0,48
2337,079.Belted_Kingfisher/Belted_Kingfisher_0020_70922.jpg,118.0|98.0|340.0|278.0,78
4,001.Black_footed_Albatross/Black_Footed_Albatross_0051_796103.jpg,78.0|86.0|411.0|244.0,0
352,012.Yellow_headed_Blackbird/Yellow_Headed_Blackbird_0038_8689.jpg,104.0|107.0|288.0|392.0,11
2175,073.Blue_Jay/Blue_Jay_0010_61939.jpg,184.0|79.0|331.0|321.0,72
2368,080.Green_Kingfisher/Green_Kingfisher_0018_71189.jpg,191.0|88.0|358.0|236.0,79
2887,097.Orchard_Oriole/Orchard_Oriole_0035_92003.jpg,259.0|147.0|436.0|259.0,96
3572,120.Fox_Sparrow/Fox_Sparrow_0058_114789.jpg,24.0|9.0|416.0|317.0,119
1461,049.Boat_tailed_Grackle/Boat_Tailed_Grackle_0063_33492.jpg,75.0|63.0|378.0|242.0,48
96,004.Groove_billed_Ani/Groove_Billed_Ani_0036_1604.jpg,61.0|52.0|438.0|342.0,3
4156,139.Scarlet_Tanager/Scarlet_Tanager_0079_138669.jpg,6.0|55.0|404.0|286.0,138
3108,104.American_Pipit/American_Pipit_0085_100246.jpg,167.0|122.0|296.0|258.0,103
446,015.Lazuli_Bunting/Lazuli_Bunting_0014_14824.jpg,156.0|116.0|314.0|324.0,14
3634,122.Harris_Sparrow/Harris_Sparrow_0052_116544.jpg,250.0|11.0|413.0|277.0,121
3726,125.Lincoln_Sparrow/Lincoln_Sparrow_0046_117405.jpg,4.0|123.0|322.0|411.0,124
3753,126.Nelson_Sharp_tailed_Sparrow/Nelson_Sharp_Tailed_Sparrow_0019_118066.jpg,84.0|88.0|390.0|424.0,125
2602,087.Mallard/Mallard_0123_76653.jpg,52.0|58.0|398.0|335.0,86
2857,096.Hooded_Oriole/Hooded_Oriole_0125_90382.jpg,83.0|123.0|357.0|263.0,95
4229,142.Black_Tern/Black_Tern_0020_144163.jpg,148.0|68.0|455.0|299.0,141
36,002.Laysan_Albatross/Laysan_Albatross_0061_563.jpg,41.0|31.0|425.0|291.0,1
4475,150.Sage_Thrasher/Sage_Thrasher_0060_155728.jpg,45.0|103.0|268.0|360.0,149
4799,161.Blue_winged_Warbler/Blue_Winged_Warbler_0036_161758.jpg,178.0|127.0|408.0|290.0,160
1351,046.Gadwall/Gadwall_0036_31760.jpg,61.0|59.0|318.0|172.0,45
2108,071.Long_tailed_Jaeger/Long_Tailed_Jaeger_0038_797077.jpg,87.0|98.0|392.0|320.0,70
2234,075.Green_Jay/Green_Jay_0043_65805.jpg,113.0|61.0|234.0|204.0,74
5083,170.Mourning_Warbler/Mourning_Warbler_0035_166586.jpg,220.0|56.0|361.0|274.0,169
1644,055.Evening_Grosbeak/Evening_Grosbeak_0075_37302.jpg,128.0|151.0|437.0|358.0,54
5513,185.Bohemian_Waxwing/Bohemian_Waxwing_0075_796678.jpg,25.0|55.0|342.0|267.0,184
2743,092.Nighthawk/Nighthawk_0068_82368.jpg,63.0|32.0|416.0|332.0,91
3235,109.American_Redstart/American_Redstart_0090_102940.jpg,180.0|84.0|316.0|458.0,108
2388,080.Green_Kingfisher/Green_Kingfisher_0099_70942.jpg,60.0|126.0|299.0|382.0,79
1453,049.Boat_tailed_Grackle/Boat_Tailed_Grackle_0041_33396.jpg,244.0|83.0|421.0|277.0,48
291,010.Red_winged_Blackbird/Red_Winged_Blackbird_0052_5575.jpg,104.0|78.0|371.0|346.0,9
1513,051.Horned_Grebe/Horned_Grebe_0093_34720.jpg,124.0|67.0|417.0|280.0,50
4010,134.Cape_Glossy_Starling/Cape_Glossy_Starling_0034_129455.jpg,31.0|53.0|386.0|450.0,133
1377,046.Gadwall/Gadwall_0034_31212.jpg,123.0|72.0|292.0|211.0,45
3581,120.Fox_Sparrow/Fox_Sparrow_0113_114389.jpg,99.0|19.0|341.0|327.0,119
2578,087.Mallard/Mallard_0082_75954.jpg,200.0|78.0|363.0|252.0,86
4521,151.Black_capped_Vireo/Black_Capped_Vireo_0047_155743.jpg,49.0|81.0|270.0|259.0,150
2266,076.Dark_eyed_Junco/Dark_Eyed_Junco_0113_68470.jpg,120.0|63.0|490.0|221.0,75
5906,198.Rock_Wren/Rock_Wren_0022_188958.jpg,16.0|19.0|287.0|257.0,197
2636,088.Western_Meadowlark/Western_Meadowlark_0052_77781.jpg,37.0|8.0|418.0|417.0,87
1261,043.Yellow_bellied_Flycatcher/Yellow_Bellied_Flycatcher_0047_795468.jpg,100.0|125.0|356.0|401.0,42
5128,172.Nashville_Warbler/Nashville_Warbler_0006_167497.jpg,196.0|145.0|332.0|269.0,171
3402,114.Black_throated_Sparrow/Black_Throated_Sparrow_0019_107192.jpg,304.0|127.0|437.0|276.0,113
5330,178.Swainson_Warbler/Swainson_Warbler_0045_794876.jpg,2.0|90.0|422.0|371.0,177
1013,034.Gray_crowned_Rosy_Finch/Gray_Crowned_Rosy_Finch_0012_27062.jpg,131.0|62.0|478.0|368.0,33
4422,148.Green_tailed_Towhee/Green_Tailed_Towhee_0025_797401.jpg,30.0|32.0|338.0|488.0,147
727,025.Pelagic_Cormorant/Pelagic_Cormorant_0017_23875.jpg,73.0|106.0|420.0|325.0,24
3671,123.Henslow_Sparrow/Henslow_Sparrow_0106_796580.jpg,79.0|58.0|474.0|339.0,122
5281,177.Prothonotary_Warbler/Prothonotary_Warbler_0124_173686.jpg,144.0|95.0|378.0|270.0,176
5109,171.Myrtle_Warbler/Myrtle_Warbler_0023_166764.jpg,150.0|55.0|486.0|330.0,170
5197,174.Palm_Warbler/Palm_Warbler_0055_170219.jpg,54.0|31.0|422.0|346.0,173
1177,040.Olive_sided_Flycatcher/Olive_Sided_Flycatcher_0033_30532.jpg,139.0|55.0|343.0|299.0,39
1427,048.European_Goldfinch/European_Goldfinch_0030_33357.jpg,269.0|154.0|473.0|302.0,47
3229,108.White_necked_Raven/White_Necked_Raven_0051_797383.jpg,119.0|107.0|403.0|272.0,107
5888,197.Marsh_Wren/Marsh_Wren_0033_188778.jpg,137.0|93.0|321.0|304.0,196
1176,040.Olive_sided_Flycatcher/Olive_Sided_Flycatcher_0037_30784.jpg,196.0|134.0|359.0|327.0,39
5783,194.Cactus_Wren/Cactus_Wren_0078_185899.jpg,67.0|45.0|393.0|308.0,193
3754,126.Nelson_Sharp_tailed_Sparrow/Nelson_Sharp_Tailed_Sparrow_0055_796937.jpg,245.0|107.0|403.0|283.0,125
4724,158.Bay_breasted_Warbler/Bay_Breasted_Warbler_0097_159974.jpg,159.0|36.0|390.0|365.0,157
203,007.Parakeet_Auklet/Parakeet_Auklet_0048_795980.jpg,81.0|62.0|270.0|474.0,6
578,020.Yellow_breasted_Chat/Yellow_Breasted_Chat_0068_21860.jpg,225.0|48.0|340.0|331.0,19
4942,166.Golden_winged_Warbler/Golden_Winged_Warbler_0060_164368.jpg,48.0|81.0|330.0|213.0,165
435,015.Lazuli_Bunting/Lazuli_Bunting_0015_14690.jpg,213.0|117.0|319.0|284.0,14
2104,071.Long_tailed_Jaeger/Long_Tailed_Jaeger_0006_797065.jpg,119.0|8.0|419.0|290.0,70
4322,145.Elegant_Tern/Elegant_Tern_0046_150905.jpg,71.0|43.0|440.0|205.0,144
18,001.Black_footed_Albatross/Black_Footed_Albatross_0071_796113.jpg,130.0|29.0|332.0|422.0,0
3267,110.Geococcyx/Geococcyx_0030_104525.jpg,159.0|121.0|311.0|445.0,109
507,017.Cardinal/Cardinal_0060_17139.jpg,93.0|114.0|409.0|449.0,16
4528,152.Blue_headed_Vireo/Blue_Headed_Vireo_0101_156203.jpg,11.0|97.0|342.0|366.0,151
88,003.Sooty_Albatross/Sooty_Albatross_0022_796398.jpg,20.0|18.0|334.0|385.0,2
34,002.Laysan_Albatross/Laysan_Albatross_0081_800.jpg,82.0|75.0|390.0|335.0,1
5520,185.Bohemian_Waxwing/Bohemian_Waxwing_0009_177972.jpg,13.0|140.0|380.0|473.0,184
3112,104.American_Pipit/American_Pipit_0116_100015.jpg,113.0|96.0|256.0|237.0,103
1464,049.Boat_tailed_Grackle/Boat_Tailed_Grackle_0097_33759.jpg,58.0|44.0|447.0|287.0,48
1569,053.Western_Grebe/Western_Grebe_0045_36425.jpg,10.0|45.0|460.0|211.0,52
4938,165.Chestnut_sided_Warbler/Chestnut_Sided_Warbler_0016_164060.jpg,159.0|54.0|291.0|266.0,164
1285,043.Yellow_bellied_Flycatcher/Yellow_Bellied_Flycatcher_0063_42704.jpg,159.0|93.0|418.0|286.0,42
4138,139.Scarlet_Tanager/Scarlet_Tanager_0042_138287.jpg,72.0|132.0|267.0|355.0,138
538,018.Spotted_Catbird/Spotted_Catbird_0027_796796.jpg,43.0|69.0|373.0|346.0,17
2753,092.Nighthawk/Nighthawk_0057_82640.jpg,40.0|91.0|467.0|278.0,91
3209,108.White_necked_Raven/White_Necked_Raven_0004_102714.jpg,3.0|31.0|390.0|335.0,107
1358,046.Gadwall/Gadwall_0064_31504.jpg,237.0|96.0|433.0|204.0,45
1500,051.Horned_Grebe/Horned_Grebe_0103_34822.jpg,30.0|105.0|460.0|276.0,50
2631,088.Western_Meadowlark/Western_Meadowlark_0118_78820.jpg,73.0|123.0|279.0|270.0,87
1456,049.Boat_tailed_Grackle/Boat_Tailed_Grackle_0100_33985.jpg,191.0|86.0|342.0|271.0,48
3394,114.Black_throated_Sparrow/Black_Throated_Sparrow_0023_107104.jpg,79.0|177.0|334.0|338.0,113
3374,113.Baird_Sparrow/Baird_Sparrow_0041_794582.jpg,92.0|43.0|210.0|301.0,112
619,021.Eastern_Towhee/Eastern_Towhee_0117_22741.jpg,265.0|152.0|445.0|315.0,20
5042,169.Magnolia_Warbler/Magnolia_Warbler_0029_165567.jpg,123.0|61.0|417.0|310.0,168
1075,036.Northern_Flicker/Northern_Flicker_0057_28606.jpg,53.0|17.0|426.0|332.0,35
2859,096.Hooded_Oriole/Hooded_Oriole_0053_90898.jpg,107.0|49.0|428.0|331.0,95
5214,175.Pine_Warbler/Pine_Warbler_0129_171035.jpg,22.0|41.0|354.0|329.0,174
3460,116.Chipping_Sparrow/Chipping_Sparrow_0080_108685.jpg,258.0|67.0|423.0|233.0,115
4054,136.Barn_Swallow/Barn_Swallow_0078_130385.jpg,110.0|87.0|305.0|282.0,135
883,030.Fish_Crow/Fish_Crow_0010_25836.jpg,41.0|39.0|425.0|229.0,29
1065,036.Northern_Flicker/Northern_Flicker_0095_28938.jpg,73.0|134.0|352.0|390.0,35
2806,094.White_breasted_Nuthatch/White_Breasted_Nuthatch_0065_85829.jpg,153.0|36.0|405.0|282.0,93
1084,037.Acadian_Flycatcher/Acadian_Flycatcher_0009_29155.jpg,59.0|113.0|205.0|243.0,36
3814,128.Seaside_Sparrow/Seaside_Sparrow_0042_796528.jpg,133.0|53.0|292.0|321.0,127
4634,155.Warbling_Vireo/Warbling_Vireo_0076_158500.jpg,94.0|75.0|311.0|314.0,154
5035,169.Magnolia_Warbler/Magnolia_Warbler_0018_165958.jpg,214.0|121.0|422.0|271.0,168
5334,179.Tennessee_Warbler/Tennessee_Warbler_0026_175118.jpg,190.0|51.0|321.0|278.0,178
1763,059.California_Gull/California_Gull_0135_41383.jpg,88.0|72.0|331.0|272.0,58
2453,082.Ringed_Kingfisher/Ringed_Kingfisher_0008_72943.jpg,35.0|63.0|221.0|336.0,81
87,003.Sooty_Albatross/Sooty_Albatross_0019_796391.jpg,236.0|36.0|359.0|151.0,2
4563,153.Philadelphia_Vireo/Philadelphia_Vireo_0040_794764.jpg,98.0|84.0|207.0|404.0,152
479,016.Painted_Bunting/Painted_Bunting_0002_16887.jpg,127.0|198.0|254.0|323.0,15
985,033.Yellow_billed_Cuckoo/Yellow_Billed_Cuckoo_0059_26828.jpg,98.0|138.0|204.0|412.0,32
5687,190.Red_cockaded_Woodpecker/Red_Cockaded_Woodpecker_0039_794736.jpg,115.0|98.0|218.0|332.0,189
3544,119.Field_Sparrow/Field_Sparrow_0110_113995.jpg,78.0|104.0|337.0|349.0,118
4898,164.Cerulean_Warbler/Cerulean_Warbler_0012_163417.jpg,199.0|114.0|458.0|280.0,163
658,022.Chuck_will_Widow/Chuck_Will_Widow_0050_22750.jpg,1.0|33.0|480.0|373.0,21
4292,144.Common_Tern/Common_Tern_0030_147825.jpg,109.0|92.0|342.0|233.0,143
4879,163.Cape_May_Warbler/Cape_May_Warbler_0040_163036.jpg,139.0|122.0|318.0|382.0,162
2523,085.Horned_Lark/Horned_Lark_0089_74386.jpg,21.0|117.0|310.0|379.0,84
5136,172.Nashville_Warbler/Nashville_Warbler_0081_167234.jpg,81.0|81.0|281.0|220.0,171
3562,119.Field_Sparrow/Field_Sparrow_0034_113364.jpg,47.0|68.0|394.0|418.0,118
3450,116.Chipping_Sparrow/Chipping_Sparrow_0011_108081.jpg,55.0|103.0|340.0|269.0,115
3764,126.Nelson_Sharp_tailed_Sparrow/Nelson_Sharp_Tailed_Sparrow_0022_796905.jpg,26.0|33.0|242.0|237.0,125
210,008.Rhinoceros_Auklet/Rhinoceros_Auklet_0028_2056.jpg,28.0|72.0|466.0|239.0,7
3830,128.Seaside_Sparrow/Seaside_Sparrow_0021_120699.jpg,58.0|50.0|284.0|488.0,127
4692,157.Yellow_throated_Vireo/Yellow_Throated_Vireo_0040_159624.jpg,119.0|132.0|254.0|346.0,156
3534,118.House_Sparrow/House_Sparrow_0011_112099.jpg,48.0|171.0|386.0|397.0,117
646,022.Chuck_will_Widow/Chuck_Will_Widow_0003_796977.jpg,163.0|69.0|464.0|320.0,21
4869,163.Cape_May_Warbler/Cape_May_Warbler_0012_162701.jpg,162.0|137.0|361.0|383.0,162
3658,123.Henslow_Sparrow/Henslow_Sparrow_0009_796611.jpg,23.0|13.0|190.0|168.0,122
2534,085.Horned_Lark/Horned_Lark_0049_74574.jpg,118.0|153.0|334.0|307.0,84
5848,196.House_Wren/House_Wren_0001_188047.jpg,2.0|45.0|450.0|391.0,195
4320,145.Elegant_Tern/Elegant_Tern_0070_147548.jpg,7.0|117.0|333.0|296.0,144
668,023.Brandt_Cormorant/Brandt_Cormorant_0074_22881.jpg,43.0|38.0|303.0|498.0,22
1721,058.Pigeon_Guillemot/Pigeon_Guillemot_0024_39814.jpg,116.0|35.0|334.0|313.0,57
1282,043.Yellow_bellied_Flycatcher/Yellow_Bellied_Flycatcher_0062_42693.jpg,121.0|159.0|235.0|338.0,42
1206,041.Scissor_tailed_Flycatcher/Scissor_Tailed_Flycatcher_0085_41830.jpg,22.0|97.0|360.0|386.0,40
5628,188.Pileated_Woodpecker/Pileated_Woodpecker_0116_179948.jpg,162.0|70.0|464.0|441.0,187
1465,049.Boat_tailed_Grackle/Boat_Tailed_Grackle_0011_34020.jpg,98.0|71.0|440.0|193.0,48
4308,144.Common_Tern/Common_Tern_0076_148391.jpg,87.0|56.0|302.0|357.0,143
2043,069.Rufous_Hummingbird/Rufous_Hummingbird_0106_60465.jpg,64.0|154.0|320.0|326.0,68
2207,074.Florida_Jay/Florida_Jay_0093_64675.jpg,44.0|54.0|377.0|458.0,73
5340,179.Tennessee_Warbler/Tennessee_Warbler_0062_174949.jpg,52.0|102.0|295.0|217.0,178
5151,172.Nashville_Warbler/Nashville_Warbler_0064_167411.jpg,108.0|102.0|319.0|223.0,171
2718,091.Mockingbird/Mockingbird_0083_79862.jpg,1.0|19.0|359.0|341.0,90
70,003.Sooty_Albatross/Sooty_Albatross_0055_1160.jpg,165.0|34.0|453.0|330.0,2
2372,080.Green_Kingfisher/Green_Kingfisher_0081_70953.jpg,106.0|119.0|294.0|227.0,79
4853,163.Cape_May_Warbler/Cape_May_Warbler_0076_163075.jpg,102.0|100.0|463.0|376.0,162
4842,162.Canada_Warbler/Canada_Warbler_0120_162415.jpg,126.0|81.0|329.0|231.0,161
294,010.Red_winged_Blackbird/Red_Winged_Blackbird_0020_4050.jpg,228.0|137.0|422.0|362.0,9
3507,118.House_Sparrow/House_Sparrow_0144_113216.jpg,102.0|135.0|341.0|478.0,117
5275,177.Prothonotary_Warbler/Prothonotary_Warbler_0064_174106.jpg,55.0|156.0|473.0|343.0,176
2017,068.Ruby_throated_Hummingbird/Ruby_Throated_Hummingbird_0106_57976.jpg,58.0|105.0|290.0|280.0,67
4733,159.Black_and_white_Warbler/Black_And_White_Warbler_0048_160287.jpg,123.0|125.0|469.0|316.0,158
3597,121.Grasshopper_Sparrow/Grasshopper_Sparrow_0029_115761.jpg,96.0|60.0|229.0|295.0,120
5708,191.Red_headed_Woodpecker/Red_Headed_Woodpecker_0020_183255.jpg,196.0|53.0|408.0|211.0,190
5522,185.Bohemian_Waxwing/Bohemian_Waxwing_0024_177661.jpg,36.0|126.0|212.0|430.0,184
2955,099.Ovenbird/Ovenbird_0011_92451.jpg,130.0|102.0|387.0|271.0,98
462,016.Painted_Bunting/Painted_Bunting_0071_15209.jpg,55.0|70.0|389.0|493.0,15
3582,120.Fox_Sparrow/Fox_Sparrow_0104_114908.jpg,168.0|75.0|337.0|265.0,119
2060,069.Rufous_Hummingbird/Rufous_Hummingbird_0113_59444.jpg,92.0|11.0|463.0|385.0,68
1277,043.Yellow_bellied_Flycatcher/Yellow_Bellied_Flycatcher_0034_795511.jpg,35.0|38.0|232.0|260.0,42
1361,046.Gadwall/Gadwall_0029_31637.jpg,53.0|101.0|346.0|208.0,45
5145,172.Nashville_Warbler/Nashville_Warbler_0055_167331.jpg,187.0|139.0|419.0|374.0,171
5833,195.Carolina_Wren/Carolina_Wren_0107_186972.jpg,201.0|110.0|351.0|214.0,194
545,019.Gray_Catbird/Gray_Catbird_0134_20596.jpg,151.0|100.0|466.0|302.0,18
5187,174.Palm_Warbler/Palm_Warbler_0113_170080.jpg,123.0|149.0|311.0|282.0,173
788,027.Shiny_Cowbird/Shiny_Cowbird_0086_24386.jpg,119.0|82.0|275.0|221.0,26
1700,057.Rose_breasted_Grosbeak/Rose_Breasted_Grosbeak_0062_39234.jpg,20.0|119.0|325.0|346.0,56
2958,099.Ovenbird/Ovenbird_0024_92583.jpg,107.0|148.0|294.0|263.0,98
5255,176.Prairie_Warbler/Prairie_Warbler_0075_172709.jpg,109.0|95.0|275.0|310.0,175
3405,114.Black_throated_Sparrow/Black_Throated_Sparrow_0049_106958.jpg,137.0|109.0|336.0|243.0,113
1309,044.Frigatebird/Frigatebird_0112_43394.jpg,105.0|31.0|395.0|136.0,43
5881,197.Marsh_Wren/Marsh_Wren_0095_188371.jpg,62.0|31.0|285.0|256.0,196
569,019.Gray_Catbird/Gray_Catbird_0129_20987.jpg,26.0|104.0|370.0|322.0,18
2706,091.Mockingbird/Mockingbird_0056_81986.jpg,183.0|50.0|500.0|375.0,90
4715,158.Bay_breasted_Warbler/Bay_Breasted_Warbler_0087_797122.jpg,167.0|95.0|467.0|296.0,157
2212,074.Florida_Jay/Florida_Jay_0079_64713.jpg,197.0|82.0|346.0|239.0,73
2531,085.Horned_Lark/Horned_Lark_0097_74496.jpg,52.0|132.0|305.0|278.0,84
4195,141.Artic_Tern/Artic_Tern_0092_141849.jpg,78.0|54.0|358.0|458.0,140
5668,190.Red_cockaded_Woodpecker/Red_Cockaded_Woodpecker_0036_182519.jpg,72.0|26.0|319.0|498.0,189
1839,062.Herring_Gull/Herring_Gull_0024_48309.jpg,157.0|81.0|413.0|331.0,61
4584,154.Red_eyed_Vireo/Red_Eyed_Vireo_0112_156742.jpg,209.0|135.0|449.0|314.0,153
5529,185.Bohemian_Waxwing/Bohemian_Waxwing_0046_177864.jpg,153.0|32.0|420.0|331.0,184
1683,057.Rose_breasted_Grosbeak/Rose_Breasted_Grosbeak_0067_39592.jpg,70.0|112.0|327.0|368.0,56
5358,179.Tennessee_Warbler/Tennessee_Warbler_0044_174824.jpg,42.0|139.0|282.0|322.0,178
3033,102.Western_Wood_Pewee/Western_Wood_Pewee_0012_98031.jpg,185.0|74.0|310.0|340.0,101
1499,051.Horned_Grebe/Horned_Grebe_0017_35073.jpg,87.0|87.0|336.0|207.0,50
4230,142.Black_Tern/Black_Tern_0019_144680.jpg,4.0|11.0|251.0|261.0,141
1489,050.Eared_Grebe/Eared_Grebe_0051_34209.jpg,101.0|84.0|313.0|219.0,49
3180,107.Common_Raven/Common_Raven_0066_101461.jpg,56.0|76.0|396.0|350.0,106
1240,042.Vermilion_Flycatcher/Vermilion_Flycatcher_0027_42388.jpg,161.0|81.0|351.0|241.0,41
1803,061.Heermann_Gull/Heermann_Gull_0130_45700.jpg,126.0|21.0|401.0|243.0,60
4936,165.Chestnut_sided_Warbler/Chestnut_Sided_Warbler_0023_164308.jpg,166.0|115.0|345.0|253.0,164
3225,108.White_necked_Raven/White_Necked_Raven_0023_797371.jpg,40.0|37.0|388.0|254.0,107
1800,061.Heermann_Gull/Heermann_Gull_0122_45627.jpg,27.0|32.0|350.0|315.0,60
3351,112.Great_Grey_Shrike/Great_Grey_Shrike_0057_106681.jpg,178.0|99.0|405.0|246.0,111
5049,169.Magnolia_Warbler/Magnolia_Warbler_0041_165709.jpg,123.0|94.0|405.0|275.0,168
4082,137.Cliff_Swallow/Cliff_Swallow_0108_133902.jpg,196.0|82.0|350.0|279.0,136
983,033.Yellow_billed_Cuckoo/Yellow_Billed_Cuckoo_0121_26807.jpg,117.0|74.0|245.0|251.0,32
1738,058.Pigeon_Guillemot/Pigeon_Guillemot_0059_39929.jpg,136.0|117.0|385.0|250.0,57
4581,153.Philadelphia_Vireo/Philadelphia_Vireo_0067_156584.jpg,34.0|88.0|444.0|287.0,152
4433,149.Brown_Thrasher/Brown_Thrasher_0069_155151.jpg,31.0|51.0|399.0|492.0,148
2953,099.Ovenbird/Ovenbird_0112_93018.jpg,77.0|39.0|478.0|307.0,98
1239,042.Vermilion_Flycatcher/Vermilion_Flycatcher_0033_42522.jpg,105.0|80.0|322.0|229.0,41
3587,120.Fox_Sparrow/Fox_Sparrow_0119_115512.jpg,120.0|210.0|285.0|357.0,119
5280,177.Prothonotary_Warbler/Prothonotary_Warbler_0108_174125.jpg,160.0|84.0|493.0|316.0,176
2230,075.Green_Jay/Green_Jay_0100_65786.jpg,3.0|6.0|389.0|327.0,74
2510,084.Red_legged_Kittiwake/Red_Legged_Kittiwake_0004_73811.jpg,65.0|43.0|495.0|330.0,83
2630,088.Western_Meadowlark/Western_Meadowlark_0053_77774.jpg,23.0|52.0|272.0|262.0,87
3113,104.American_Pipit/American_Pipit_0002_100023.jpg,187.0|55.0|468.0|253.0,103
1919,065.Slaty_backed_Gull/Slaty_Backed_Gull_0072_53314.jpg,4.0|1.0|334.0|289.0,64
5093,171.Myrtle_Warbler/Myrtle_Warbler_0107_166917.jpg,67.0|69.0|248.0|470.0,170
5801,194.Cactus_Wren/Cactus_Wren_0069_186033.jpg,115.0|36.0|414.0|289.0,193
2696,090.Red_breasted_Merganser/Red_Breasted_Merganser_0033_79353.jpg,63.0|85.0|325.0|239.0,89
622,021.Eastern_Towhee/Eastern_Towhee_0090_22273.jpg,91.0|83.0|223.0|280.0,20
3327,112.Great_Grey_Shrike/Great_Grey_Shrike_0054_106768.jpg,57.0|143.0|270.0|298.0,111
4642,156.White_eyed_Vireo/White_Eyed_Vireo_0136_156418.jpg,186.0|81.0|483.0|299.0,155
4401,147.Least_Tern/Least_Tern_0038_153087.jpg,29.0|54.0|461.0|246.0,146
2423,081.Pied_Kingfisher/Pied_Kingfisher_0007_72438.jpg,218.0|154.0|429.0|410.0,80
1256,042.Vermilion_Flycatcher/Vermilion_Flycatcher_0045_42219.jpg,106.0|40.0|484.0|322.0,41
5511,184.Louisiana_Waterthrush/Louisiana_Waterthrush_0025_177403.jpg,66.0|235.0|233.0|365.0,183
2396,080.Green_Kingfisher/Green_Kingfisher_0048_71164.jpg,118.0|129.0|249.0|232.0,79
67,003.Sooty_Albatross/Sooty_Albatross_0070_796346.jpg,114.0|30.0|319.0|311.0,2
1366,046.Gadwall/Gadwall_0084_31135.jpg,102.0|80.0|425.0|289.0,45
3616,121.Grasshopper_Sparrow/Grasshopper_Sparrow_0114_116160.jpg,167.0|130.0|495.0|310.0,120
1376,046.Gadwall/Gadwall_0071_31655.jpg,157.0|122.0|456.0|226.0,45
5320,178.Swainson_Warbler/Swainson_Warbler_0054_174689.jpg,172.0|171.0|332.0|271.0,177
5112,171.Myrtle_Warbler/Myrtle_Warbler_0073_166798.jpg,18.0|38.0|480.0|317.0,170
1068,036.Northern_Flicker/Northern_Flicker_0138_28476.jpg,23.0|43.0|291.0|305.0,35
4992,167.Hooded_Warbler/Hooded_Warbler_0062_165199.jpg,72.0|185.0|239.0|311.0,166
1768,059.California_Gull/California_Gull_0021_41471.jpg,36.0|76.0|380.0|291.0,58
4694,157.Yellow_throated_Vireo/Yellow_Throated_Vireo_0054_159635.jpg,161.0|104.0|295.0|253.0,156
1009,034.Gray_crowned_Rosy_Finch/Gray_Crowned_Rosy_Finch_0038_797309.jpg,19.0|26.0|384.0|326.0,33
1787,060.Glaucous_winged_Gull/Glaucous_Winged_Gull_0127_44258.jpg,160.0|49.0|324.0|294.0,59
1412,048.European_Goldfinch/European_Goldfinch_0025_794647.jpg,20.0|71.0|372.0|269.0,47
2084,070.Green_Violetear/Green_Violetear_0062_60797.jpg,123.0|93.0|315.0|273.0,69
1385,047.American_Goldfinch/American_Goldfinch_0048_32885.jpg,26.0|18.0|453.0|329.0,46
4346,146.Forsters_Tern/Forsters_Tern_0089_152372.jpg,164.0|82.0|294.0|208.0,145
2016,068.Ruby_throated_Hummingbird/Ruby_Throated_Hummingbird_0024_57969.jpg,181.0|41.0|453.0|190.0,67
3638,122.Harris_Sparrow/Harris_Sparrow_0053_116595.jpg,86.0|54.0|366.0|303.0,121
5586,187.American_Three_toed_Woodpecker/American_Three_Toed_Woodpecker_0012_179905.jpg,117.0|96.0|235.0|450.0,186
3871,130.Tree_Sparrow/Tree_Sparrow_0097_123462.jpg,29.0|84.0|417.0|343.0,129
2752,092.Nighthawk/Nighthawk_0063_795339.jpg,215.0|64.0|366.0|280.0,91
3640,122.Harris_Sparrow/Harris_Sparrow_0041_116611.jpg,38.0|61.0|271.0|296.0,121
4254,143.Caspian_Tern/Caspian_Tern_0117_146009.jpg,131.0|114.0|338.0|214.0,142
929,032.Mangrove_Cuckoo/Mangrove_Cuckoo_0029_794624.jpg,22.0|49.0|378.0|313.0,31
5620,188.Pileated_Woodpecker/Pileated_Woodpecker_0057_180612.jpg,51.0|87.0|198.0|369.0,187
2608,088.Western_Meadowlark/Western_Meadowlark_0120_77834.jpg,185.0|122.0|359.0|295.0,87
4388,147.Least_Tern/Least_Tern_0012_153871.jpg,52.0|43.0|289.0|396.0,146
2865,096.Hooded_Oriole/Hooded_Oriole_0115_90442.jpg,40.0|30.0|269.0|398.0,95
1404,047.American_Goldfinch/American_Goldfinch_0100_32183.jpg,115.0|153.0|305.0|447.0,46
5585,187.American_Three_toed_Woodpecker/American_Three_Toed_Woodpecker_0015_179827.jpg,78.0|114.0|211.0|330.0,186
925,031.Black_billed_Cuckoo/Black_Billed_Cuckoo_0019_795329.jpg,125.0|71.0|331.0|290.0,30
2793,094.White_breasted_Nuthatch/White_Breasted_Nuthatch_0040_86127.jpg,112.0|146.0|319.0|269.0,93
1522,051.Horned_Grebe/Horned_Grebe_0070_34514.jpg,155.0|66.0|421.0|234.0,50
687,023.Brandt_Cormorant/Brandt_Cormorant_0068_23019.jpg,19.0|50.0|341.0|221.0,22
1280,043.Yellow_bellied_Flycatcher/Yellow_Bellied_Flycatcher_0052_42621.jpg,152.0|24.0|396.0|477.0,42
5264,176.Prairie_Warbler/Prairie_Warbler_0031_172818.jpg,1.0|28.0|455.0|341.0,175
2848,096.Hooded_Oriole/Hooded_Oriole_0070_90221.jpg,154.0|84.0|429.0|264.0,95
4713,158.Bay_breasted_Warbler/Bay_Breasted_Warbler_0095_797113.jpg,138.0|41.0|341.0|278.0,157
5461,183.Northern_Waterthrush/Northern_Waterthrush_0006_176988.jpg,60.0|130.0|336.0|322.0,182
1359,046.Gadwall/Gadwall_0030_31855.jpg,94.0|42.0|431.0|258.0,45
149,005.Crested_Auklet/Crested_Auklet_0040_794912.jpg,10.0|157.0|193.0|431.0,4
5573,187.American_Three_toed_Woodpecker/American_Three_Toed_Woodpecker_0011_179847.jpg,24.0|82.0|151.0|306.0,186
3200,107.Common_Raven/Common_Raven_0054_101750.jpg,118.0|98.0|383.0|226.0,106
4844,162.Canada_Warbler/Canada_Warbler_0041_162418.jpg,266.0|100.0|387.0|260.0,161
5387,180.Wilson_Warbler/Wilson_Warbler_0020_175505.jpg,139.0|146.0|285.0|332.0,179
692,024.Red_faced_Cormorant/Red_Faced_Cormorant_0040_796272.jpg,84.0|11.0|251.0|496.0,23
3663,123.Henslow_Sparrow/Henslow_Sparrow_0018_116834.jpg,61.0|128.0|328.0|431.0,122
5849,196.House_Wren/House_Wren_0011_187547.jpg,156.0|60.0|319.0|365.0,195
2586,087.Mallard/Mallard_0071_76940.jpg,247.0|68.0|437.0|287.0,86
1144,039.Least_Flycatcher/Least_Flycatcher_0096_30233.jpg,122.0|114.0|267.0|438.0,38
566,019.Gray_Catbird/Gray_Catbird_0118_20476.jpg,46.0|36.0|471.0|307.0,18
5603,188.Pileated_Woodpecker/Pileated_Woodpecker_0119_180030.jpg,133.0|104.0|281.0|435.0,187
2166,073.Blue_Jay/Blue_Jay_0089_61521.jpg,172.0|264.0|367.0|364.0,72
3957,133.White_throated_Sparrow/White_Throated_Sparrow_0118_129084.jpg,13.0|71.0|414.0|261.0,132
4415,148.Green_tailed_Towhee/Green_Tailed_Towhee_0039_154802.jpg,184.0|63.0|416.0|313.0,147
1697,057.Rose_breasted_Grosbeak/Rose_Breasted_Grosbeak_0011_39207.jpg,146.0|74.0|363.0|410.0,56
2370,080.Green_Kingfisher/Green_Kingfisher_0016_71198.jpg,122.0|198.0|335.0|376.0,79
579,020.Yellow_breasted_Chat/Yellow_Breasted_Chat_0058_21864.jpg,62.0|100.0|456.0|332.0,19
5707,191.Red_headed_Woodpecker/Red_Headed_Woodpecker_0021_183454.jpg,40.0|124.0|194.0|404.0,190
3924,132.White_crowned_Sparrow/White_Crowned_Sparrow_0064_126467.jpg,117.0|185.0|372.0|368.0,131
2150,072.Pomarine_Jaeger/Pomarine_Jaeger_0039_61348.jpg,65.0|83.0|359.0|275.0,71
4190,140.Summer_Tanager/Summer_Tanager_0056_139211.jpg,59.0|116.0|202.0|376.0,139
226,008.Rhinoceros_Auklet/Rhinoceros_Auklet_0024_797529.jpg,88.0|37.0|319.0|228.0,7
17,001.Black_footed_Albatross/Black_Footed_Albatross_0041_796108.jpg,216.0|119.0|437.0|273.0,0
3722,125.Lincoln_Sparrow/Lincoln_Sparrow_0128_117851.jpg,76.0|102.0|255.0|305.0,124
988,033.Yellow_billed_Cuckoo/Yellow_Billed_Cuckoo_0032_26616.jpg,68.0|86.0|325.0|462.0,32
4589,154.Red_eyed_Vireo/Red_Eyed_Vireo_0019_156921.jpg,24.0|60.0|326.0|277.0,153
2125,071.Long_tailed_Jaeger/Long_Tailed_Jaeger_0053_60906.jpg,1.0|0.0|311.0|331.0,70
5007,168.Kentucky_Warbler/Kentucky_Warbler_0055_165426.jpg,140.0|9.0|289.0|308.0,167
2606,087.Mallard/Mallard_0020_76239.jpg,82.0|85.0|439.0|274.0,86
2219,075.Green_Jay/Green_Jay_0049_65600.jpg,53.0|30.0|270.0|458.0,74
3926,132.White_crowned_Sparrow/White_Crowned_Sparrow_0140_125967.jpg,86.0|68.0|340.0|343.0,131
2519,085.Horned_Lark/Horned_Lark_0066_74796.jpg,146.0|58.0|448.0|336.0,84
109,004.Groove_billed_Ani/Groove_Billed_Ani_0023_1485.jpg,110.0|75.0|238.0|331.0,3
4424,148.Green_tailed_Towhee/Green_Tailed_Towhee_0011_797410.jpg,233.0|114.0|428.0|334.0,147
961,033.Yellow_billed_Cuckoo/Yellow_Billed_Cuckoo_0027_26844.jpg,99.0|109.0|361.0|277.0,32
436,015.Lazuli_Bunting/Lazuli_Bunting_0045_14954.jpg,88.0|135.0|257.0|392.0,14
3240,109.American_Redstart/American_Redstart_0054_103543.jpg,206.0|178.0|417.0|343.0,108
4697,157.Yellow_throated_Vireo/Yellow_Throated_Vireo_0046_159668.jpg,86.0|29.0|460.0|341.0,156
4493,151.Black_capped_Vireo/Black_Capped_Vireo_0044_155819.jpg,239.0|93.0|407.0|267.0,150
5608,188.Pileated_Woodpecker/Pileated_Woodpecker_0025_180253.jpg,160.0|183.0|316.0|318.0,187
2771,093.Clark_Nutcracker/Clark_Nutcracker_0067_85302.jpg,41.0|74.0|324.0|319.0,92
5435,182.Yellow_Warbler/Yellow_Warbler_0043_176247.jpg,125.0|156.0|422.0|285.0,181
2473,083.White_breasted_Kingfisher/White_Breasted_Kingfisher_0085_73363.jpg,38.0|80.0|275.0|329.0,82
1993,067.Anna_Hummingbird/Anna_Hummingbird_0038_57036.jpg,101.0|108.0|398.0|379.0,66
4559,153.Philadelphia_Vireo/Philadelphia_Vireo_0070_794758.jpg,32.0|36.0|440.0|246.0,152
5315,178.Swainson_Warbler/Swainson_Warbler_0036_174699.jpg,90.0|79.0|286.0|259.0,177
2877,097.Orchard_Oriole/Orchard_Oriole_0048_91393.jpg,118.0|141.0|343.0|294.0,96
4281,143.Caspian_Tern/Caspian_Tern_0023_147194.jpg,26.0|31.0|453.0|274.0,142
749,026.Bronzed_Cowbird/Bronzed_Cowbird_0027_24022.jpg,0.0|38.0|468.0|328.0,25
2114,071.Long_tailed_Jaeger/Long_Tailed_Jaeger_0070_797090.jpg,169.0|86.0|483.0|248.0,70
219,008.Rhinoceros_Auklet/Rhinoceros_Auklet_0032_797516.jpg,87.0|7.0|453.0|268.0,7
835,028.Brown_Creeper/Brown_Creeper_0100_24502.jpg,164.0|93.0|357.0|214.0,27
1129,038.Great_Crested_Flycatcher/Great_Crested_Flycatcher_0136_29490.jpg,39.0|27.0|368.0|475.0,37
4612,155.Warbling_Vireo/Warbling_Vireo_0116_158740.jpg,113.0|139.0|446.0|320.0,154
1174,040.Olive_sided_Flycatcher/Olive_Sided_Flycatcher_0080_30515.jpg,122.0|85.0|272.0|461.0,39
2365,079.Belted_Kingfisher/Belted_Kingfisher_0005_70389.jpg,158.0|90.0|371.0|300.0,78
958,032.Mangrove_Cuckoo/Mangrove_Cuckoo_0019_794621.jpg,137.0|95.0|357.0|417.0,31
1980,067.Anna_Hummingbird/Anna_Hummingbird_0098_56388.jpg,164.0|82.0|396.0|326.0,66
2692,090.Red_breasted_Merganser/Red_Breasted_Merganser_0076_79312.jpg,123.0|68.0|368.0|227.0,89
5360,179.Tennessee_Warbler/Tennessee_Warbler_0060_174840.jpg,112.0|107.0|302.0|258.0,178
386,013.Bobolink/Bobolink_0117_10215.jpg,123.0|85.0|471.0|327.0,12
2613,088.Western_Meadowlark/Western_Meadowlark_0125_77850.jpg,117.0|132.0|288.0|321.0,87
4571,153.Philadelphia_Vireo/Philadelphia_Vireo_0012_794785.jpg,54.0|25.0|494.0|208.0,152
426,015.Lazuli_Bunting/Lazuli_Bunting_0080_14893.jpg,71.0|89.0|353.0|237.0,14
1574,053.Western_Grebe/Western_Grebe_0093_36193.jpg,203.0|72.0|451.0|212.0,52
71,003.Sooty_Albatross/Sooty_Albatross_0045_1162.jpg,6.0|1.0|499.0|498.0,2
3943,132.White_crowned_Sparrow/White_Crowned_Sparrow_0033_127728.jpg,189.0|60.0|477.0|319.0,131
951,032.Mangrove_Cuckoo/Mangrove_Cuckoo_0016_794607.jpg,1.0|13.0|133.0|172.0,31
5299,177.Prothonotary_Warbler/Prothonotary_Warbler_0082_173970.jpg,283.0|76.0|459.0|319.0,176
3253,109.American_Redstart/American_Redstart_0080_103749.jpg,75.0|65.0|365.0|360.0,108
2666,089.Hooded_Merganser/Hooded_Merganser_0093_79075.jpg,125.0|71.0|440.0|237.0,88
3283,110.Geococcyx/Geococcyx_0105_104239.jpg,78.0|13.0|423.0|395.0,109
211,008.Rhinoceros_Auklet/Rhinoceros_Auklet_0020_2195.jpg,172.0|148.0|389.0|283.0,7
5411,181.Worm_eating_Warbler/Worm_Eating_Warbler_0006_176037.jpg,18.0|84.0|398.0|297.0,180
2122,071.Long_tailed_Jaeger/Long_Tailed_Jaeger_0013_60887.jpg,107.0|124.0|483.0|330.0,70
1135,038.Great_Crested_Flycatcher/Great_Crested_Flycatcher_0092_29583.jpg,161.0|62.0|282.0|447.0,37
2409,081.Pied_Kingfisher/Pied_Kingfisher_0083_72430.jpg,160.0|121.0|309.0|236.0,80
2901,097.Orchard_Oriole/Orchard_Oriole_0095_91345.jpg,151.0|75.0|411.0|230.0,96
3480,117.Clay_colored_Sparrow/Clay_Colored_Sparrow_0106_797247.jpg,49.0|26.0|424.0|408.0,116
3353,112.Great_Grey_Shrike/Great_Grey_Shrike_0008_797053.jpg,56.0|85.0|273.0|230.0,111
351,012.Yellow_headed_Blackbird/Yellow_Headed_Blackbird_0087_8358.jpg,111.0|120.0|290.0|277.0,11
1733,058.Pigeon_Guillemot/Pigeon_Guillemot_0077_39885.jpg,57.0|74.0|483.0|233.0,57
5395,181.Worm_eating_Warbler/Worm_Eating_Warbler_0057_176006.jpg,73.0|57.0|359.0|237.0,180
1719,058.Pigeon_Guillemot/Pigeon_Guillemot_0028_40046.jpg,57.0|91.0|452.0|270.0,57
1235,042.Vermilion_Flycatcher/Vermilion_Flycatcher_0022_42559.jpg,192.0|49.0|459.0|308.0,41
1236,042.Vermilion_Flycatcher/Vermilion_Flycatcher_0006_42564.jpg,45.0|36.0|274.0|245.0,41
4657,156.White_eyed_Vireo/White_Eyed_Vireo_0012_159495.jpg,26.0|94.0|377.0|326.0,155
5958,199.Winter_Wren/Winter_Wren_0077_190366.jpg,223.0|92.0|377.0|270.0,198
5601,187.American_Three_toed_Woodpecker/American_Three_Toed_Woodpecker_0046_796153.jpg,10.0|83.0|311.0|492.0,186
5079,170.Mourning_Warbler/Mourning_Warbler_0069_166559.jpg,106.0|104.0|436.0|264.0,169
2470,083.White_breasted_Kingfisher/White_Breasted_Kingfisher_0103_73316.jpg,172.0|113.0|439.0|339.0,82
5336,179.Tennessee_Warbler/Tennessee_Warbler_0030_172338.jpg,151.0|118.0|268.0|407.0,178
5822,195.Carolina_Wren/Carolina_Wren_0095_186561.jpg,132.0|171.0|343.0|334.0,194
3388,114.Black_throated_Sparrow/Black_Throated_Sparrow_0033_107042.jpg,70.0|250.0|225.0|432.0,113
1304,044.Frigatebird/Frigatebird_0045_42823.jpg,52.0|48.0|499.0|225.0,43
5246,176.Prairie_Warbler/Prairie_Warbler_0051_172585.jpg,140.0|125.0|455.0|270.0,175
800,027.Shiny_Cowbird/Shiny_Cowbird_0001_796860.jpg,93.0|64.0|318.0|243.0,26
674,023.Brandt_Cormorant/Brandt_Cormorant_0009_22890.jpg,94.0|18.0|373.0|499.0,22
3518,118.House_Sparrow/House_Sparrow_0030_111387.jpg,177.0|71.0|357.0|385.0,117
3553,119.Field_Sparrow/Field_Sparrow_0078_113575.jpg,232.0|36.0|477.0|208.0,118
238,008.Rhinoceros_Auklet/Rhinoceros_Auklet_0033_2169.jpg,54.0|75.0|358.0|304.0,7
427,015.Lazuli_Bunting/Lazuli_Bunting_0027_14895.jpg,69.0|87.0|369.0|266.0,14
694,024.Red_faced_Cormorant/Red_Faced_Cormorant_0050_796276.jpg,132.0|70.0|375.0|481.0,23
4252,143.Caspian_Tern/Caspian_Tern_0015_145664.jpg,168.0|72.0|396.0|300.0,142
1378,046.Gadwall/Gadwall_0083_30959.jpg,22.0|130.0|313.0|244.0,45
264,009.Brewer_Blackbird/Brewer_Blackbird_0097_2322.jpg,62.0|33.0|499.0|374.0,8
231,008.Rhinoceros_Auklet/Rhinoceros_Auklet_0009_797539.jpg,20.0|20.0|152.0|125.0,7
5974,200.Common_Yellowthroat/Common_Yellowthroat_0032_190592.jpg,146.0|84.0|434.0|297.0,199
701,024.Red_faced_Cormorant/Red_Faced_Cormorant_0048_796296.jpg,39.0|48.0|362.0|419.0,23
272,010.Red_winged_Blackbird/Red_Winged_Blackbird_0054_4625.jpg,138.0|137.0|264.0|397.0,9
2383,080.Green_Kingfisher/Green_Kingfisher_0032_71050.jpg,100.0|71.0|398.0|298.0,79
5067,170.Mourning_Warbler/Mourning_Warbler_0008_166467.jpg,72.0|84.0|446.0|204.0,169
2808,094.White_breasted_Nuthatch/White_Breasted_Nuthatch_0131_86416.jpg,55.0|187.0|288.0|357.0,93
4074,137.Cliff_Swallow/Cliff_Swallow_0087_133294.jpg,114.0|73.0|419.0|342.0,136
105,004.Groove_billed_Ani/Groove_Billed_Ani_0047_1706.jpg,115.0|59.0|444.0|314.0,3
2041,069.Rufous_Hummingbird/Rufous_Hummingbird_0055_59935.jpg,204.0|193.0|378.0|330.0,68
4722,158.Bay_breasted_Warbler/Bay_Breasted_Warbler_0077_797144.jpg,129.0|92.0|422.0|243.0,157
2042,069.Rufous_Hummingbird/Rufous_Hummingbird_0035_59434.jpg,225.0|59.0|402.0|239.0,68
2327,078.Gray_Kingbird/Gray_Kingbird_0080_70077.jpg,218.0|101.0|356.0|242.0,77
2719,091.Mockingbird/Mockingbird_0057_79643.jpg,44.0|44.0|456.0|330.0,90
1660,056.Pine_Grosbeak/Pine_Grosbeak_0102_38216.jpg,22.0|76.0|226.0|369.0,55
2004,067.Anna_Hummingbird/Anna_Hummingbird_0043_56059.jpg,28.0|169.0|235.0|348.0,66
5919,198.Rock_Wren/Rock_Wren_0111_189443.jpg,61.0|128.0|426.0|273.0,197
2778,093.Clark_Nutcracker/Clark_Nutcracker_0066_85390.jpg,174.0|108.0|372.0|285.0,92
2057,069.Rufous_Hummingbird/Rufous_Hummingbird_0024_59636.jpg,94.0|55.0|354.0|378.0,68
4609,154.Red_eyed_Vireo/Red_Eyed_Vireo_0055_157096.jpg,199.0|132.0|402.0|256.0,153
1310,044.Frigatebird/Frigatebird_0116_43410.jpg,52.0|25.0|298.0|297.0,43
4937,165.Chestnut_sided_Warbler/Chestnut_Sided_Warbler_0014_163801.jpg,236.0|95.0|474.0|234.0,164
4541,152.Blue_headed_Vireo/Blue_Headed_Vireo_0011_156276.jpg,96.0|73.0|349.0|214.0,151
3689,124.Le_Conte_Sparrow/Le_Conte_Sparrow_0015_795152.jpg,72.0|43.0|436.0|320.0,123
4294,144.Common_Tern/Common_Tern_0079_148844.jpg,21.0|87.0|445.0|258.0,143
3681,123.Henslow_Sparrow/Henslow_Sparrow_0107_796614.jpg,7.0|59.0|164.0|223.0,122
3795,127.Savannah_Sparrow/Savannah_Sparrow_0118_118603.jpg,18.0|21.0|376.0|359.0,126
235,008.Rhinoceros_Auklet/Rhinoceros_Auklet_0017_2155.jpg,31.0|119.0|279.0|285.0,7
1347,045.Northern_Fulmar/Northern_Fulmar_0099_44015.jpg,115.0|56.0|279.0|347.0,44
3429,115.Brewer_Sparrow/Brewer_Sparrow_0076_107393.jpg,194.0|210.0|297.0|448.0,114
1352,046.Gadwall/Gadwall_0039_31013.jpg,134.0|54.0|473.0|234.0,45
4222,142.Black_Tern/Black_Tern_0090_143880.jpg,35.0|100.0|485.0|315.0,141
4551,152.Blue_headed_Vireo/Blue_Headed_Vireo_0039_156397.jpg,167.0|49.0|405.0|382.0,151
1775,060.Glaucous_winged_Gull/Glaucous_Winged_Gull_0002_44612.jpg,77.0|30.0|434.0|313.0,59
3629,122.Harris_Sparrow/Harris_Sparrow_0029_116516.jpg,73.0|55.0|380.0|365.0,121
3935,132.White_crowned_Sparrow/White_Crowned_Sparrow_0078_127603.jpg,99.0|66.0|220.0|307.0,131
2471,083.White_breasted_Kingfisher/White_Breasted_Kingfisher_0054_73587.jpg,125.0|43.0|348.0|293.0,82
1703,057.Rose_breasted_Grosbeak/Rose_Breasted_Grosbeak_0075_39795.jpg,52.0|82.0|283.0|488.0,56
320,011.Rusty_Blackbird/Rusty_Blackbird_0107_6839.jpg,32.0|110.0|281.0|375.0,10
2155,072.Pomarine_Jaeger/Pomarine_Jaeger_0036_61410.jpg,72.0|23.0|340.0|483.0,71
4381,147.Least_Tern/Least_Tern_0062_153259.jpg,62.0|123.0|385.0|311.0,146
2605,087.Mallard/Mallard_0111_76722.jpg,78.0|22.0|371.0|331.0,86
1397,047.American_Goldfinch/American_Goldfinch_0104_32540.jpg,24.0|27.0|463.0|315.0,46
1405,047.American_Goldfinch/American_Goldfinch_0122_32186.jpg,79.0|77.0|474.0|330.0,46
4555,153.Philadelphia_Vireo/Philadelphia_Vireo_0042_156528.jpg,210.0|135.0|360.0|261.0,152
4509,151.Black_capped_Vireo/Black_Capped_Vireo_0012_797473.jpg,10.0|10.0|195.0|139.0,150
323,011.Rusty_Blackbird/Rusty_Blackbird_0108_6867.jpg,210.0|120.0|366.0|269.0,10
4146,139.Scarlet_Tanager/Scarlet_Tanager_0083_138500.jpg,15.0|70.0|395.0|384.0,138
5188,174.Palm_Warbler/Palm_Warbler_0118_170081.jpg,94.0|106.0|348.0|303.0,173
1315,044.Frigatebird/Frigatebird_0082_42989.jpg,97.0|130.0|469.0|283.0,43
783,027.Shiny_Cowbird/Shiny_Cowbird_0069_24351.jpg,170.0|131.0|349.0|244.0,26
121,005.Crested_Auklet/Crested_Auklet_0018_1817.jpg,52.0|51.0|330.0|499.0,4
745,025.Pelagic_Cormorant/Pelagic_Cormorant_0053_23760.jpg,10.0|35.0|317.0|207.0,24
4751,159.Black_and_white_Warbler/Black_And_White_Warbler_0102_160073.jpg,147.0|52.0|358.0|256.0,158
4402,148.Green_tailed_Towhee/Green_Tailed_Towhee_0099_154882.jpg,25.0|93.0|412.0|309.0,147
4120,138.Tree_Swallow/Tree_Swallow_0087_137354.jpg,101.0|123.0|313.0|362.0,137
2000,067.Anna_Hummingbird/Anna_Hummingbird_0021_55763.jpg,90.0|66.0|470.0|372.0,66
5685,190.Red_cockaded_Woodpecker/Red_Cockaded_Woodpecker_0060_182377.jpg,47.0|74.0|200.0|458.0,189
3550,119.Field_Sparrow/Field_Sparrow_0111_113899.jpg,176.0|79.0|340.0|331.0,118
2254,076.Dark_eyed_Junco/Dark_Eyed_Junco_0013_66332.jpg,5.0|79.0|395.0|279.0,75
838,028.Brown_Creeper/Brown_Creeper_0121_24574.jpg,161.0|71.0|342.0|443.0,27
5324,178.Swainson_Warbler/Swainson_Warbler_0040_794860.jpg,161.0|120.0|406.0|288.0,177
2898,097.Orchard_Oriole/Orchard_Oriole_0075_91847.jpg,72.0|106.0|379.0|234.0,96
820,028.Brown_Creeper/Brown_Creeper_0064_24840.jpg,80.0|59.0|298.0|380.0,27
886,030.Fish_Crow/Fish_Crow_0069_26008.jpg,148.0|45.0|329.0|289.0,29
3978,133.White_throated_Sparrow/White_Throated_Sparrow_0113_128936.jpg,114.0|119.0|333.0|438.0,132
108,004.Groove_billed_Ani/Groove_Billed_Ani_0044_1731.jpg,110.0|67.0|499.0|300.0,3
2319,078.Gray_Kingbird/Gray_Kingbird_0035_795027.jpg,117.0|19.0|394.0|322.0,77
1138,038.Great_Crested_Flycatcher/Great_Crested_Flycatcher_0069_29603.jpg,38.0|108.0|404.0|382.0,37
4852,163.Cape_May_Warbler/Cape_May_Warbler_0001_139008.jpg,41.0|62.0|407.0|297.0,162
119,004.Groove_billed_Ani/Groove_Billed_Ani_0012_1784.jpg,183.0|98.0|297.0|315.0,3
2248,076.Dark_eyed_Junco/Dark_Eyed_Junco_0043_68689.jpg,31.0|89.0|325.0|270.0,75
3245,109.American_Redstart/American_Redstart_0085_103155.jpg,101.0|67.0|362.0|268.0,108
2990,100.Brown_Pelican/Brown_Pelican_0129_94074.jpg,9.0|43.0|334.0|293.0,99
5459,183.Northern_Waterthrush/Northern_Waterthrush_0084_177239.jpg,140.0|70.0|363.0|288.0,182
5572,187.American_Three_toed_Woodpecker/American_Three_Toed_Woodpecker_0037_796166.jpg,77.0|45.0|277.0|339.0,186
215,008.Rhinoceros_Auklet/Rhinoceros_Auklet_0016_2114.jpg,69.0|60.0|425.0|312.0,7
752,026.Bronzed_Cowbird/Bronzed_Cowbird_0055_24076.jpg,160.0|42.0|497.0|337.0,25
4827,162.Canada_Warbler/Canada_Warbler_0088_162341.jpg,84.0|72.0|400.0|213.0,161
4273,143.Caspian_Tern/Caspian_Tern_0116_145607.jpg,100.0|45.0|409.0|332.0,142
2151,072.Pomarine_Jaeger/Pomarine_Jaeger_0075_61349.jpg,112.0|29.0|273.0|313.0,71
1212,041.Scissor_tailed_Flycatcher/Scissor_Tailed_Flycatcher_0110_42136.jpg,78.0|41.0|418.0|311.0,40
4033,135.Bank_Swallow/Bank_Swallow_0044_129687.jpg,191.0|82.0|292.0|217.0,134
723,025.Pelagic_Cormorant/Pelagic_Cormorant_0084_23836.jpg,47.0|89.0|266.0|290.0,24
597,020.Yellow_breasted_Chat/Yellow_Breasted_Chat_0033_21873.jpg,243.0|131.0|378.0|243.0,19
6,001.Black_footed_Albatross/Black_Footed_Albatross_0023_796059.jpg,1.0|52.0|343.0|312.0,0
1449,049.Boat_tailed_Grackle/Boat_Tailed_Grackle_0043_33595.jpg,169.0|26.0|499.0|374.0,48
5474,183.Northern_Waterthrush/Northern_Waterthrush_0013_177343.jpg,102.0|103.0|385.0|324.0,182
3829,128.Seaside_Sparrow/Seaside_Sparrow_0066_120791.jpg,142.0|81.0|338.0|313.0,127
4788,160.Black_throated_Blue_Warbler/Black_Throated_Blue_Warbler_0126_161724.jpg,227.0|98.0|467.0|298.0,159
1609,054.Blue_Grosbeak/Blue_Grosbeak_0037_36794.jpg,132.0|112.0|388.0|406.0,53
3303,111.Loggerhead_Shrike/Loggerhead_Shrike_0024_105593.jpg,151.0|85.0|366.0|226.0,110
5907,198.Rock_Wren/Rock_Wren_0118_188964.jpg,116.0|85.0|358.0|276.0,197
4261,143.Caspian_Tern/Caspian_Tern_0055_146014.jpg,38.0|33.0|435.0|135.0,142
518,018.Spotted_Catbird/Spotted_Catbird_0028_796813.jpg,83.0|55.0|371.0|277.0,17
3301,111.Loggerhead_Shrike/Loggerhead_Shrike_0073_106097.jpg,89.0|16.0|341.0|272.0,110
4664,156.White_eyed_Vireo/White_Eyed_Vireo_0015_159081.jpg,95.0|61.0|403.0|249.0,155
5700,191.Red_headed_Woodpecker/Red_Headed_Woodpecker_0108_183403.jpg,39.0|130.0|169.0|344.0,190
2573,086.Pacific_Loon/Pacific_Loon_0006_75386.jpg,64.0|50.0|399.0|260.0,85
5081,170.Mourning_Warbler/Mourning_Warbler_0079_166564.jpg,204.0|150.0|332.0|279.0,169
632,022.Chuck_will_Widow/Chuck_Will_Widow_0004_796957.jpg,23.0|15.0|356.0|391.0,21
3489,117.Clay_colored_Sparrow/Clay_Colored_Sparrow_0087_110946.jpg,190.0|101.0|336.0|260.0,116
4019,135.Bank_Swallow/Bank_Swallow_0066_129559.jpg,170.0|47.0|358.0|314.0,134
3820,128.Seaside_Sparrow/Seaside_Sparrow_0045_120696.jpg,154.0|126.0|305.0|340.0,127
3231,108.White_necked_Raven/White_Necked_Raven_0072_797391.jpg,156.0|110.0|278.0|211.0,107
993,034.Gray_crowned_Rosy_Finch/Gray_Crowned_Rosy_Finch_0016_27181.jpg,48.0|161.0|209.0|349.0,33
4948,166.Golden_winged_Warbler/Golden_Winged_Warbler_0092_164465.jpg,88.0|126.0|289.0|255.0,165
3589,120.Fox_Sparrow/Fox_Sparrow_0025_114555.jpg,120.0|55.0|357.0|285.0,119
303,011.Rusty_Blackbird/Rusty_Blackbird_0016_6684.jpg,10.0|10.0|475.0|323.0,10
4627,155.Warbling_Vireo/Warbling_Vireo_0107_158453.jpg,46.0|78.0|333.0|280.0,154
4923,165.Chestnut_sided_Warbler/Chestnut_Sided_Warbler_0110_164023.jpg,166.0|111.0|304.0|249.0,164
5863,196.House_Wren/House_Wren_0088_187243.jpg,150.0|91.0|278.0|265.0,195
1663,056.Pine_Grosbeak/Pine_Grosbeak_0097_38735.jpg,87.0|204.0|332.0|433.0,55
3076,103.Sayornis/Sayornis_0010_98611.jpg,26.0|126.0|299.0|396.0,102
2924,098.Scott_Oriole/Scott_Oriole_0030_795830.jpg,172.0|89.0|427.0|354.0,97
3979,133.White_throated_Sparrow/White_Throated_Sparrow_0069_128951.jpg,52.0|71.0|366.0|418.0,132
4761,159.Black_and_white_Warbler/Black_And_White_Warbler_0060_160764.jpg,20.0|46.0|466.0|304.0,158
344,012.Yellow_headed_Blackbird/Yellow_Headed_Blackbird_0091_8555.jpg,210.0|150.0|368.0|285.0,11
3600,121.Grasshopper_Sparrow/Grasshopper_Sparrow_0125_116031.jpg,184.0|85.0|488.0|320.0,120
2280,077.Tropical_Kingbird/Tropical_Kingbird_0102_69654.jpg,170.0|133.0|297.0|423.0,76
1374,046.Gadwall/Gadwall_0091_30941.jpg,35.0|31.0|422.0|317.0,45
3725,125.Lincoln_Sparrow/Lincoln_Sparrow_0014_117883.jpg,74.0|64.0|274.0|249.0,124
4536,152.Blue_headed_Vireo/Blue_Headed_Vireo_0119_156259.jpg,39.0|145.0|297.0|397.0,151
2572,086.Pacific_Loon/Pacific_Loon_0012_75736.jpg,147.0|100.0|351.0|216.0,85
4960,166.Golden_winged_Warbler/Golden_Winged_Warbler_0021_794821.jpg,158.0|101.0|276.0|215.0,165
540,019.Gray_Catbird/Gray_Catbird_0067_21043.jpg,202.0|69.0|399.0|322.0,18
5065,170.Mourning_Warbler/Mourning_Warbler_0020_166440.jpg,21.0|86.0|396.0|299.0,169
4520,151.Black_capped_Vireo/Black_Capped_Vireo_0018_155868.jpg,55.0|7.0|387.0|352.0,150
84,003.Sooty_Albatross/Sooty_Albatross_0014_796373.jpg,22.0|98.0|471.0|290.0,2
5413,181.Worm_eating_Warbler/Worm_Eating_Warbler_0011_795566.jpg,85.0|52.0|315.0|320.0,180
3275,110.Geococcyx/Geococcyx_0124_104141.jpg,131.0|127.0|413.0|289.0,109
5422,182.Yellow_Warbler/Yellow_Warbler_0028_176391.jpg,118.0|68.0|391.0|300.0,181
1673,056.Pine_Grosbeak/Pine_Grosbeak_0115_38330.jpg,141.0|99.0|337.0|231.0,55
5672,190.Red_cockaded_Woodpecker/Red_Cockaded_Woodpecker_0002_794696.jpg,117.0|69.0|219.0|259.0,189
5614,188.Pileated_Woodpecker/Pileated_Woodpecker_0038_180300.jpg,177.0|87.0|339.0|374.0,187
2054,069.Rufous_Hummingbird/Rufous_Hummingbird_0127_59587.jpg,52.0|35.0|446.0|327.0,68
1626,055.Evening_Grosbeak/Evening_Grosbeak_0079_37979.jpg,91.0|70.0|293.0|336.0,54
1025,035.Purple_Finch/Purple_Finch_0111_27293.jpg,106.0|37.0|251.0|318.0,34
442,015.Lazuli_Bunting/Lazuli_Bunting_0105_15017.jpg,52.0|72.0|270.0|394.0,14
455,016.Painted_Bunting/Painted_Bunting_0091_15198.jpg,47.0|64.0|446.0|448.0,15
52,002.Laysan_Albatross/Laysan_Albatross_0068_726.jpg,43.0|62.0|329.0|494.0,1
4413,148.Green_tailed_Towhee/Green_Tailed_Towhee_0068_154783.jpg,134.0|145.0|249.0|290.0,147
2366,079.Belted_Kingfisher/Belted_Kingfisher_0084_70399.jpg,43.0|79.0|385.0|256.0,78
2627,088.Western_Meadowlark/Western_Meadowlark_0081_77798.jpg,77.0|90.0|413.0|456.0,87
3887,130.Tree_Sparrow/Tree_Sparrow_0046_125344.jpg,29.0|125.0|320.0|335.0,129
3530,118.House_Sparrow/House_Sparrow_0128_110971.jpg,74.0|87.0|274.0|358.0,117
1604,054.Blue_Grosbeak/Blue_Grosbeak_0045_36672.jpg,39.0|92.0|253.0|465.0,53
4025,135.Bank_Swallow/Bank_Swallow_0069_129802.jpg,133.0|74.0|297.0|257.0,134
3569,120.Fox_Sparrow/Fox_Sparrow_0092_114774.jpg,4.0|73.0|385.0|391.0,119
1929,065.Slaty_backed_Gull/Slaty_Backed_Gull_0033_796023.jpg,11.0|10.0|263.0|250.0,64
2945,099.Ovenbird/Ovenbird_0004_92868.jpg,114.0|64.0|282.0|277.0,98
3005,101.White_Pelican/White_Pelican_0067_95573.jpg,206.0|48.0|479.0|254.0,100
5536,185.Bohemian_Waxwing/Bohemian_Waxwing_0006_796651.jpg,37.0|84.0|338.0|306.0,184
1016,034.Gray_crowned_Rosy_Finch/Gray_Crowned_Rosy_Finch_0013_27110.jpg,54.0|137.0|311.0|283.0,33
2506,084.Red_legged_Kittiwake/Red_Legged_Kittiwake_0010_73789.jpg,39.0|64.0|374.0|499.0,83
4823,162.Canada_Warbler/Canada_Warbler_0021_162325.jpg,141.0|141.0|293.0|245.0,161
1857,062.Herring_Gull/Herring_Gull_0065_48098.jpg,230.0|125.0|423.0|288.0,61
2597,087.Mallard/Mallard_0095_76080.jpg,46.0|34.0|476.0|292.0,86
665,023.Brandt_Cormorant/Brandt_Cormorant_0067_23352.jpg,68.0|20.0|499.0|376.0,22
2622,088.Western_Meadowlark/Western_Meadowlark_0013_77712.jpg,43.0|71.0|252.0|233.0,87
4007,134.Cape_Glossy_Starling/Cape_Glossy_Starling_0088_129437.jpg,66.0|73.0|310.0|311.0,133
3360,113.Baird_Sparrow/Baird_Sparrow_0002_794551.jpg,74.0|8.0|219.0|291.0,112
4774,160.Black_throated_Blue_Warbler/Black_Throated_Blue_Warbler_0006_161557.jpg,84.0|69.0|281.0|197.0,159
511,018.Spotted_Catbird/Spotted_Catbird_0012_796802.jpg,183.0|32.0|394.0|349.0,17
2871,096.Hooded_Oriole/Hooded_Oriole_0111_89988.jpg,53.0|83.0|387.0|294.0,95
5875,197.Marsh_Wren/Marsh_Wren_0038_188530.jpg,82.0|114.0|309.0|389.0,196
4816,161.Blue_winged_Warbler/Blue_Winged_Warbler_0077_162021.jpg,154.0|108.0|296.0|208.0,160
4781,160.Black_throated_Blue_Warbler/Black_Throated_Blue_Warbler_0054_161158.jpg,99.0|42.0|422.0|348.0,159
279,010.Red_winged_Blackbird/Red_Winged_Blackbird_0060_4688.jpg,121.0|103.0|475.0|294.0,9
3901,131.Vesper_Sparrow/Vesper_Sparrow_0076_125737.jpg,62.0|158.0|347.0|387.0,130
3809,128.Seaside_Sparrow/Seaside_Sparrow_0025_796518.jpg,20.0|28.0|328.0|288.0,127
5804,194.Cactus_Wren/Cactus_Wren_0034_185817.jpg,5.0|60.0|355.0|373.0,193
5418,181.Worm_eating_Warbler/Worm_Eating_Warbler_0101_795557.jpg,174.0|14.0|470.0|224.0,180
4906,164.Cerulean_Warbler/Cerulean_Warbler_0078_163271.jpg,171.0|91.0|487.0|298.0,163
3504,117.Clay_colored_Sparrow/Clay_Colored_Sparrow_0105_110547.jpg,272.0|72.0|424.0|279.0,116
3084,103.Sayornis/Sayornis_0020_98727.jpg,254.0|105.0|445.0|357.0,102
1617,054.Blue_Grosbeak/Blue_Grosbeak_0093_37107.jpg,244.0|46.0|362.0|220.0,53
1226,041.Scissor_tailed_Flycatcher/Scissor_Tailed_Flycatcher_0092_41767.jpg,109.0|87.0|307.0|234.0,40
3574,120.Fox_Sparrow/Fox_Sparrow_0116_115311.jpg,100.0|95.0|399.0|269.0,119
4977,167.Hooded_Warbler/Hooded_Warbler_0039_164928.jpg,170.0|72.0|402.0|250.0,166
5711,191.Red_headed_Woodpecker/Red_Headed_Woodpecker_0057_183234.jpg,143.0|103.0|283.0|269.0,190
5961,200.Common_Yellowthroat/Common_Yellowthroat_0104_190489.jpg,75.0|57.0|362.0|428.0,199
5454,183.Northern_Waterthrush/Northern_Waterthrush_0061_177172.jpg,181.0|116.0|418.0|330.0,182
5865,196.House_Wren/House_Wren_0127_187832.jpg,139.0|145.0|330.0|304.0,195
5041,169.Magnolia_Warbler/Magnolia_Warbler_0004_165535.jpg,228.0|75.0|443.0|236.0,168
2082,070.Green_Violetear/Green_Violetear_0080_795716.jpg,25.0|37.0|293.0|394.0,69
101,004.Groove_billed_Ani/Groove_Billed_Ani_0015_1653.jpg,102.0|56.0|219.0|232.0,3
1258,042.Vermilion_Flycatcher/Vermilion_Flycatcher_0050_42479.jpg,199.0|116.0|320.0|257.0,41
2158,073.Blue_Jay/Blue_Jay_0052_63148.jpg,165.0|30.0|471.0|271.0,72
5365,180.Wilson_Warbler/Wilson_Warbler_0108_175179.jpg,63.0|69.0|412.0|384.0,179
4243,142.Black_Tern/Black_Tern_0082_144372.jpg,150.0|51.0|473.0|232.0,141
2968,100.Brown_Pelican/Brown_Pelican_0036_93843.jpg,28.0|19.0|479.0|459.0,99
2073,070.Green_Violetear/Green_Violetear_0013_795684.jpg,199.0|60.0|482.0|327.0,69
312,011.Rusty_Blackbird/Rusty_Blackbird_0023_6752.jpg,174.0|25.0|448.0|327.0,10
4892,164.Cerulean_Warbler/Cerulean_Warbler_0014_797226.jpg,184.0|125.0|471.0|334.0,163
1611,054.Blue_Grosbeak/Blue_Grosbeak_0023_37069.jpg,134.0|120.0|468.0|359.0,53
5313,178.Swainson_Warbler/Swainson_Warbler_0007_174745.jpg,183.0|112.0|374.0|311.0,177
5033,169.Magnolia_Warbler/Magnolia_Warbler_0040_165921.jpg,133.0|145.0|435.0|336.0,168
4925,165.Chestnut_sided_Warbler/Chestnut_Sided_Warbler_0063_163927.jpg,147.0|60.0|398.0|251.0,164
3919,131.Vesper_Sparrow/Vesper_Sparrow_0018_125651.jpg,75.0|83.0|327.0|272.0,130
1628,055.Evening_Grosbeak/Evening_Grosbeak_0132_38025.jpg,127.0|115.0|298.0|309.0,54
1884,063.Ivory_Gull/Ivory_Gull_0096_49487.jpg,68.0|51.0|363.0|319.0,62
1416,048.European_Goldfinch/European_Goldfinch_0107_794655.jpg,84.0|120.0|210.0|404.0,47
1007,034.Gray_crowned_Rosy_Finch/Gray_Crowned_Rosy_Finch_0065_797301.jpg,146.0|76.0|487.0|350.0,33
1316,044.Frigatebird/Frigatebird_0084_43006.jpg,3.0|2.0|497.0|370.0,43
4491,150.Sage_Thrasher/Sage_Thrasher_0071_155642.jpg,37.0|74.0|383.0|359.0,149
5183,174.Palm_Warbler/Palm_Warbler_0024_170501.jpg,93.0|41.0|428.0|330.0,173
2037,069.Rufous_Hummingbird/Rufous_Hummingbird_0118_59393.jpg,114.0|106.0|282.0|390.0,68
4768,160.Black_throated_Blue_Warbler/Black_Throated_Blue_Warbler_0042_161512.jpg,78.0|93.0|329.0|263.0,159
1146,039.Least_Flycatcher/Least_Flycatcher_0034_30151.jpg,171.0|122.0|319.0|349.0,38
4739,159.Black_and_white_Warbler/Black_And_White_Warbler_0117_160369.jpg,198.0|76.0|370.0|285.0,158
5617,188.Pileated_Woodpecker/Pileated_Woodpecker_0065_180324.jpg,120.0|69.0|274.0|401.0,187
1076,036.Northern_Flicker/Northern_Flicker_0096_28623.jpg,56.0|78.0|233.0|473.0,35
2363,079.Belted_Kingfisher/Belted_Kingfisher_0053_70899.jpg,51.0|61.0|358.0|328.0,78
5779,193.Bewick_Wren/Bewick_Wren_0104_185256.jpg,121.0|136.0|278.0|247.0,192
4575,153.Philadelphia_Vireo/Philadelphia_Vireo_0046_794798.jpg,8.0|41.0|246.0|227.0,152
3792,127.Savannah_Sparrow/Savannah_Sparrow_0091_120630.jpg,69.0|142.0|258.0|457.0,126
2099,071.Long_tailed_Jaeger/Long_Tailed_Jaeger_0011_60963.jpg,153.0|104.0|301.0|220.0,70
2395,080.Green_Kingfisher/Green_Kingfisher_0020_71155.jpg,85.0|131.0|320.0|438.0,79
2291,077.Tropical_Kingbird/Tropical_Kingbird_0116_69714.jpg,73.0|52.0|437.0|440.0,76
4239,142.Black_Tern/Black_Tern_0079_143998.jpg,193.0|24.0|320.0|175.0,141
2680,090.Red_breasted_Merganser/Red_Breasted_Merganser_0023_79477.jpg,60.0|166.0|436.0|280.0,89
2862,096.Hooded_Oriole/Hooded_Oriole_0067_90416.jpg,119.0|175.0|349.0|376.0,95
178,006.Least_Auklet/Least_Auklet_0038_795132.jpg,134.0|74.0|266.0|236.0,5
3401,114.Black_throated_Sparrow/Black_Throated_Sparrow_0035_107185.jpg,180.0|102.0|349.0|244.0,113
2398,081.Pied_Kingfisher/Pied_Kingfisher_0040_72739.jpg,167.0|108.0|308.0|248.0,80
2360,079.Belted_Kingfisher/Belted_Kingfisher_0073_70326.jpg,155.0|88.0|443.0|370.0,78
1988,067.Anna_Hummingbird/Anna_Hummingbird_0028_55993.jpg,155.0|130.0|358.0|354.0,66
2202,074.Florida_Jay/Florida_Jay_0088_65147.jpg,83.0|89.0|312.0|222.0,73
2191,074.Florida_Jay/Florida_Jay_0109_64558.jpg,20.0|48.0|435.0|378.0,73
5878,197.Marsh_Wren/Marsh_Wren_0133_188565.jpg,163.0|110.0|469.0|370.0,196
2035,068.Ruby_throated_Hummingbird/Ruby_Throated_Hummingbird_0107_57339.jpg,48.0|155.0|328.0|311.0,67
1166,039.Least_Flycatcher/Least_Flycatcher_0033_30449.jpg,95.0|153.0|351.0|378.0,38
5482,184.Louisiana_Waterthrush/Louisiana_Waterthrush_0023_795269.jpg,105.0|91.0|499.0|330.0,183
3003,101.White_Pelican/White_Pelican_0037_95570.jpg,96.0|49.0|473.0|319.0,100
3627,122.Harris_Sparrow/Harris_Sparrow_0055_116512.jpg,79.0|127.0|381.0|296.0,121
1802,061.Heermann_Gull/Heermann_Gull_0089_45679.jpg,124.0|39.0|431.0|281.0,60
3613,121.Grasshopper_Sparrow/Grasshopper_Sparrow_0119_116081.jpg,212.0|54.0|443.0|269.0,120
4277,143.Caspian_Tern/Caspian_Tern_0107_145639.jpg,16.0|100.0|424.0|319.0,142
1340,045.Northern_Fulmar/Northern_Fulmar_0039_43689.jpg,33.0|34.0|491.0|310.0,44
759,026.Bronzed_Cowbird/Bronzed_Cowbird_0056_796222.jpg,108.0|117.0|331.0|346.0,25
4893,164.Cerulean_Warbler/Cerulean_Warbler_0038_797230.jpg,27.0|85.0|317.0|289.0,163
5066,170.Mourning_Warbler/Mourning_Warbler_0064_166447.jpg,58.0|69.0|478.0|305.0,169
3527,118.House_Sparrow/House_Sparrow_0093_110990.jpg,184.0|96.0|475.0|298.0,117
4192,140.Summer_Tanager/Summer_Tanager_0033_140268.jpg,102.0|51.0|315.0|457.0,139
4862,163.Cape_May_Warbler/Cape_May_Warbler_0022_162912.jpg,167.0|121.0|353.0|248.0,162
2561,086.Pacific_Loon/Pacific_Loon_0022_75405.jpg,92.0|134.0|386.0|289.0,85
2119,071.Long_tailed_Jaeger/Long_Tailed_Jaeger_0050_797085.jpg,86.0|62.0|412.0|298.0,70
1820,061.Heermann_Gull/Heermann_Gull_0102_45904.jpg,0.0|1.0|371.0|492.0,60
377,013.Bobolink/Bobolink_0019_10552.jpg,96.0|121.0|302.0|348.0,12
2007,068.Ruby_throated_Hummingbird/Ruby_Throated_Hummingbird_0045_57347.jpg,117.0|10.0|318.0|114.0,67
432,015.Lazuli_Bunting/Lazuli_Bunting_0095_14919.jpg,265.0|93.0|462.0|257.0,14
5217,175.Pine_Warbler/Pine_Warbler_0108_170597.jpg,61.0|109.0|444.0|352.0,174
2020,068.Ruby_throated_Hummingbird/Ruby_Throated_Hummingbird_0098_57514.jpg,64.0|74.0|455.0|345.0,67
367,013.Bobolink/Bobolink_0099_9314.jpg,83.0|29.0|353.0|361.0,12
239,008.Rhinoceros_Auklet/Rhinoceros_Auklet_0005_2111.jpg,4.0|29.0|499.0|499.0,7
1459,049.Boat_tailed_Grackle/Boat_Tailed_Grackle_0082_33488.jpg,82.0|92.0|358.0|322.0,48
4451,149.Brown_Thrasher/Brown_Thrasher_0051_155344.jpg,62.0|118.0|422.0|287.0,148
3984,134.Cape_Glossy_Starling/Cape_Glossy_Starling_0006_129295.jpg,34.0|139.0|201.0|425.0,133
3347,112.Great_Grey_Shrike/Great_Grey_Shrike_0022_797057.jpg,210.0|109.0|316.0|224.0,111
4884,164.Cerulean_Warbler/Cerulean_Warbler_0056_163339.jpg,148.0|127.0|293.0|252.0,163
4516,151.Black_capped_Vireo/Black_Capped_Vireo_0009_797493.jpg,155.0|29.0|283.0|257.0,150
1229,042.Vermilion_Flycatcher/Vermilion_Flycatcher_0020_42498.jpg,145.0|127.0|422.0|313.0,41
2780,093.Clark_Nutcracker/Clark_Nutcracker_0117_84912.jpg,110.0|40.0|440.0|326.0,92
4467,150.Sage_Thrasher/Sage_Thrasher_0095_796446.jpg,132.0|25.0|362.0|332.0,149
1306,044.Frigatebird/Frigatebird_0059_42838.jpg,2.0|69.0|429.0|327.0,43
1575,053.Western_Grebe/Western_Grebe_0028_36196.jpg,113.0|64.0|415.0|208.0,52
3344,112.Great_Grey_Shrike/Great_Grey_Shrike_0083_797051.jpg,22.0|36.0|356.0|308.0,111
2973,100.Brown_Pelican/Brown_Pelican_0020_95422.jpg,18.0|42.0|317.0|223.0,99
3300,111.Loggerhead_Shrike/Loggerhead_Shrike_0071_105040.jpg,70.0|76.0|330.0|253.0,110
4531,152.Blue_headed_Vireo/Blue_Headed_Vireo_0068_156222.jpg,145.0|130.0|351.0|352.0,151
4251,142.Black_Tern/Black_Tern_0010_144341.jpg,61.0|63.0|365.0|246.0,141
60,003.Sooty_Albatross/Sooty_Albatross_0038_1065.jpg,196.0|96.0|418.0|243.0,2
4454,149.Brown_Thrasher/Brown_Thrasher_0072_155406.jpg,162.0|60.0|289.0|276.0,148
5588,187.American_Three_toed_Woodpecker/American_Three_Toed_Woodpecker_0001_179912.jpg,140.0|20.0|338.0|381.0,186
494,017.Cardinal/Cardinal_0083_18042.jpg,89.0|78.0|472.0|320.0,16
580,020.Yellow_breasted_Chat/Yellow_Breasted_Chat_0052_21866.jpg,87.0|125.0|318.0|245.0,19
3293,110.Geococcyx/Geococcyx_0096_104369.jpg,146.0|137.0|418.0|344.0,109
2159,073.Blue_Jay/Blue_Jay_0095_63505.jpg,133.0|17.0|417.0|325.0,72
2422,081.Pied_Kingfisher/Pied_Kingfisher_0014_72119.jpg,15.0|64.0|471.0|266.0,80
3153,106.Horned_Puffin/Horned_Puffin_0072_100938.jpg,126.0|122.0|392.0|315.0,105
3215,108.White_necked_Raven/White_Necked_Raven_0010_797350.jpg,25.0|77.0|393.0|326.0,107
2333,078.Gray_Kingbird/Gray_Kingbird_0038_70118.jpg,147.0|131.0|314.0|259.0,77
1674,056.Pine_Grosbeak/Pine_Grosbeak_0019_38845.jpg,83.0|13.0|362.0|355.0,55
3995,134.Cape_Glossy_Starling/Cape_Glossy_Starling_0080_129362.jpg,49.0|81.0|209.0|480.0,133
2474,083.White_breasted_Kingfisher/White_Breasted_Kingfisher_0088_73386.jpg,42.0|70.0|311.0|305.0,82
2321,078.Gray_Kingbird/Gray_Kingbird_0059_795030.jpg,145.0|58.0|399.0|287.0,77
1218,041.Scissor_tailed_Flycatcher/Scissor_Tailed_Flycatcher_0020_41680.jpg,59.0|124.0|364.0|294.0,40
2317,078.Gray_Kingbird/Gray_Kingbird_0063_70287.jpg,54.0|79.0|278.0|217.0,77
2874,096.Hooded_Oriole/Hooded_Oriole_0038_90575.jpg,154.0|84.0|413.0|334.0,95
4562,153.Philadelphia_Vireo/Philadelphia_Vireo_0068_794763.jpg,104.0|50.0|344.0|226.0,152
363,013.Bobolink/Bobolink_0102_10807.jpg,96.0|119.0|252.0|282.0,12
1842,062.Herring_Gull/Herring_Gull_0014_47814.jpg,26.0|101.0|321.0|263.0,61
5978,200.Common_Yellowthroat/Common_Yellowthroat_0093_190609.jpg,51.0|111.0|375.0|332.0,199
2576,086.Pacific_Loon/Pacific_Loon_0039_75517.jpg,3.0|37.0|356.0|309.0,85
3329,112.Great_Grey_Shrike/Great_Grey_Shrike_0064_106778.jpg,90.0|71.0|268.0|323.0,111
1383,047.American_Goldfinch/American_Goldfinch_0053_32359.jpg,16.0|135.0|223.0|455.0,46
5099,171.Myrtle_Warbler/Myrtle_Warbler_0072_166702.jpg,27.0|102.0|267.0|478.0,170
213,008.Rhinoceros_Auklet/Rhinoceros_Auklet_0043_2096.jpg,0.0|6.0|360.0|392.0,7
2524,085.Horned_Lark/Horned_Lark_0133_73882.jpg,116.0|44.0|465.0|263.0,84
448,015.Lazuli_Bunting/Lazuli_Bunting_0020_14837.jpg,172.0|52.0|356.0|265.0,14
3017,101.White_Pelican/White_Pelican_0075_96422.jpg,66.0|72.0|329.0|237.0,100
1415,048.European_Goldfinch/European_Goldfinch_0093_794653.jpg,80.0|159.0|303.0|294.0,47
625,021.Eastern_Towhee/Eastern_Towhee_0013_22336.jpg,25.0|110.0|317.0|296.0,20
4866,163.Cape_May_Warbler/Cape_May_Warbler_0032_162659.jpg,118.0|114.0|385.0|256.0,162
2598,087.Mallard/Mallard_0055_77102.jpg,46.0|48.0|438.0|342.0,86
3316,111.Loggerhead_Shrike/Loggerhead_Shrike_0018_26407.jpg,24.0|90.0|413.0|339.0,110
1291,044.Frigatebird/Frigatebird_0119_43042.jpg,23.0|132.0|222.0|425.0,43
3661,123.Henslow_Sparrow/Henslow_Sparrow_0076_116810.jpg,69.0|99.0|294.0|303.0,122
3971,133.White_throated_Sparrow/White_Throated_Sparrow_0125_128832.jpg,14.0|25.0|465.0|316.0,132
1289,044.Frigatebird/Frigatebird_0057_43016.jpg,143.0|102.0|495.0|309.0,43
3748,126.Nelson_Sharp_tailed_Sparrow/Nelson_Sharp_Tailed_Sparrow_0033_118024.jpg,174.0|67.0|337.0|242.0,125
4452,149.Brown_Thrasher/Brown_Thrasher_0001_155380.jpg,183.0|97.0|352.0|241.0,148
5902,198.Rock_Wren/Rock_Wren_0024_188942.jpg,47.0|42.0|392.0|390.0,197
5829,195.Carolina_Wren/Carolina_Wren_0045_186165.jpg,105.0|11.0|314.0|348.0,194
3877,130.Tree_Sparrow/Tree_Sparrow_0101_124104.jpg,81.0|122.0|314.0|416.0,129
3137,105.Whip_poor_Will/Whip_Poor_Will_0018_796403.jpg,25.0|100.0|327.0|289.0,104
5731,192.Downy_Woodpecker/Downy_Woodpecker_0090_183964.jpg,101.0|65.0|405.0|378.0,191
2264,076.Dark_eyed_Junco/Dark_Eyed_Junco_0091_67304.jpg,20.0|150.0|252.0|346.0,75
1233,042.Vermilion_Flycatcher/Vermilion_Flycatcher_0042_42266.jpg,48.0|112.0|306.0|383.0,41
2236,075.Green_Jay/Green_Jay_0102_65813.jpg,96.0|101.0|375.0|297.0,74
1629,055.Evening_Grosbeak/Evening_Grosbeak_0112_37922.jpg,35.0|99.0|273.0|443.0,54
123,005.Crested_Auklet/Crested_Auklet_0029_1824.jpg,25.0|39.0|272.0|499.0,4
2634,088.Western_Meadowlark/Western_Meadowlark_0021_78841.jpg,98.0|42.0|240.0|161.0,87
3102,104.American_Pipit/American_Pipit_0034_99946.jpg,168.0|75.0|436.0|221.0,103
2710,091.Mockingbird/Mockingbird_0010_79955.jpg,210.0|172.0|362.0|274.0,90
5439,182.Yellow_Warbler/Yellow_Warbler_0083_176292.jpg,253.0|127.0|460.0|232.0,181
7,001.Black_footed_Albatross/Black_Footed_Albatross_0040_796066.jpg,23.0|80.0|418.0|317.0,0
417,014.Indigo_Bunting/Indigo_Bunting_0006_14317.jpg,7.0|105.0|438.0|393.0,13
2127,072.Pomarine_Jaeger/Pomarine_Jaeger_0038_61446.jpg,54.0|51.0|470.0|302.0,71
1481,050.Eared_Grebe/Eared_Grebe_0013_34150.jpg,216.0|133.0|474.0|281.0,49
1904,064.Ring_billed_Gull/Ring_Billed_Gull_0098_51410.jpg,96.0|55.0|398.0|259.0,63
1024,035.Purple_Finch/Purple_Finch_0092_27264.jpg,75.0|33.0|393.0|394.0,34
2022,068.Ruby_throated_Hummingbird/Ruby_Throated_Hummingbird_0119_57575.jpg,159.0|232.0|273.0|345.0,67
5887,197.Marsh_Wren/Marsh_Wren_0056_188241.jpg,25.0|100.0|233.0|356.0,196
1576,053.Western_Grebe/Western_Grebe_0047_36203.jpg,122.0|90.0|343.0|198.0,52
3676,123.Henslow_Sparrow/Henslow_Sparrow_0052_796599.jpg,73.0|43.0|392.0|493.0,122
4765,160.Black_throated_Blue_Warbler/Black_Throated_Blue_Warbler_0043_161438.jpg,41.0|121.0|296.0|250.0,159
4726,158.Bay_breasted_Warbler/Bay_Breasted_Warbler_0012_797171.jpg,11.0|42.0|458.0|321.0,157
2098,071.Long_tailed_Jaeger/Long_Tailed_Jaeger_0027_60950.jpg,220.0|133.0|394.0|268.0,70
922,031.Black_billed_Cuckoo/Black_Billed_Cuckoo_0057_795323.jpg,56.0|58.0|341.0|429.0,30
1402,047.American_Goldfinch/American_Goldfinch_0056_32169.jpg,134.0|87.0|428.0|462.0,46
2469,083.White_breasted_Kingfisher/White_Breasted_Kingfisher_0093_73311.jpg,196.0|89.0|312.0|326.0,82
4186,140.Summer_Tanager/Summer_Tanager_0013_140828.jpg,159.0|78.0|316.0|434.0,139
3444,115.Brewer_Sparrow/Brewer_Sparrow_0066_107510.jpg,187.0|85.0|371.0|286.0,114
5846,196.House_Wren/House_Wren_0117_187492.jpg,214.0|88.0|445.0|284.0,195
4611,154.Red_eyed_Vireo/Red_Eyed_Vireo_0109_157176.jpg,121.0|90.0|391.0|374.0,153
3505,118.House_Sparrow/House_Sparrow_0121_113182.jpg,113.0|102.0|413.0|219.0,117
2002,067.Anna_Hummingbird/Anna_Hummingbird_0050_56794.jpg,283.0|157.0|476.0|330.0,66
2820,095.Baltimore_Oriole/Baltimore_Oriole_0133_87602.jpg,125.0|83.0|368.0|192.0,94
337,012.Yellow_headed_Blackbird/Yellow_Headed_Blackbird_0017_8511.jpg,37.0|110.0|306.0|444.0,11
424,015.Lazuli_Bunting/Lazuli_Bunting_0089_14598.jpg,27.0|58.0|249.0|301.0,14
1337,045.Northern_Fulmar/Northern_Fulmar_0041_44013.jpg,202.0|64.0|452.0|267.0,44
4795,161.Blue_winged_Warbler/Blue_Winged_Warbler_0091_162051.jpg,180.0|145.0|355.0|303.0,160
3205,108.White_necked_Raven/White_Necked_Raven_0059_102668.jpg,163.0|61.0|285.0|237.0,107
1608,054.Blue_Grosbeak/Blue_Grosbeak_0036_37048.jpg,135.0|49.0|263.0|355.0,53
5046,169.Magnolia_Warbler/Magnolia_Warbler_0053_165682.jpg,107.0|128.0|486.0|346.0,168
21,001.Black_footed_Albatross/Black_Footed_Albatross_0038_212.jpg,137.0|64.0|424.0|220.0,0
902,031.Black_billed_Cuckoo/Black_Billed_Cuckoo_0047_26176.jpg,18.0|61.0|418.0|320.0,30
2051,069.Rufous_Hummingbird/Rufous_Hummingbird_0089_59524.jpg,88.0|152.0|434.0|360.0,68
4047,136.Barn_Swallow/Barn_Swallow_0094_132154.jpg,78.0|100.0|334.0|359.0,135
2757,093.Clark_Nutcracker/Clark_Nutcracker_0105_85097.jpg,107.0|54.0|392.0|307.0,92
696,024.Red_faced_Cormorant/Red_Faced_Cormorant_0049_796279.jpg,67.0|94.0|212.0|403.0,23
1179,040.Olive_sided_Flycatcher/Olive_Sided_Flycatcher_0061_30540.jpg,315.0|118.0|417.0|325.0,39
4720,158.Bay_breasted_Warbler/Bay_Breasted_Warbler_0100_797142.jpg,202.0|116.0|458.0|296.0,157
4876,163.Cape_May_Warbler/Cape_May_Warbler_0073_162993.jpg,240.0|74.0|351.0|188.0,162
174,006.Least_Auklet/Least_Auklet_0007_795123.jpg,17.0|25.0|195.0|262.0,5
2269,076.Dark_eyed_Junco/Dark_Eyed_Junco_0084_66455.jpg,3.0|57.0|401.0|333.0,75
2908,098.Scott_Oriole/Scott_Oriole_0045_92237.jpg,191.0|70.0|432.0|305.0,97
2881,097.Orchard_Oriole/Orchard_Oriole_0042_91678.jpg,250.0|91.0|378.0|263.0,96
4702,158.Bay_breasted_Warbler/Bay_Breasted_Warbler_0026_159744.jpg,159.0|93.0|490.0|299.0,157
4043,136.Barn_Swallow/Barn_Swallow_0005_130591.jpg,186.0|108.0|431.0|220.0,135
1562,053.Western_Grebe/Western_Grebe_0092_36121.jpg,26.0|7.0|396.0|266.0,52
1438,048.European_Goldfinch/European_Goldfinch_0003_33066.jpg,4.0|29.0|381.0|318.0,47
497,017.Cardinal/Cardinal_0028_18054.jpg,44.0|84.0|210.0|223.0,16
375,013.Bobolink/Bobolink_0092_10026.jpg,8.0|36.0|377.0|457.0,12
1209,041.Scissor_tailed_Flycatcher/Scissor_Tailed_Flycatcher_0016_42111.jpg,60.0|126.0|172.0|226.0,40
404,014.Indigo_Bunting/Indigo_Bunting_0082_11907.jpg,82.0|223.0|199.0|333.0,13
3187,107.Common_Raven/Common_Raven_0002_102582.jpg,28.0|56.0|303.0|475.0,106
2003,067.Anna_Hummingbird/Anna_Hummingbird_0118_55773.jpg,81.0|57.0|435.0|284.0,66
1131,038.Great_Crested_Flycatcher/Great_Crested_Flycatcher_0063_29507.jpg,272.0|138.0|404.0|268.0,37
5746,192.Downy_Woodpecker/Downy_Woodpecker_0044_184170.jpg,80.0|40.0|270.0|465.0,191
5920,198.Rock_Wren/Rock_Wren_0080_189340.jpg,262.0|63.0|434.0|237.0,197
5671,190.Red_cockaded_Woodpecker/Red_Cockaded_Woodpecker_0004_182340.jpg,172.0|97.0|314.0|342.0,189
2679,090.Red_breasted_Merganser/Red_Breasted_Merganser_0016_79476.jpg,131.0|128.0|367.0|242.0,89
3893,130.Tree_Sparrow/Tree_Sparrow_0074_124408.jpg,150.0|72.0|404.0|350.0,129
4503,151.Black_capped_Vireo/Black_Capped_Vireo_0014_797462.jpg,105.0|117.0|480.0|263.0,150
153,006.Least_Auklet/Least_Auklet_0016_1903.jpg,59.0|34.0|340.0|484.0,5
2353,079.Belted_Kingfisher/Belted_Kingfisher_0031_70506.jpg,182.0|103.0|443.0|248.0,78
5100,171.Myrtle_Warbler/Myrtle_Warbler_0025_166704.jpg,53.0|87.0|268.0|456.0,170
5653,189.Red_bellied_Woodpecker/Red_Bellied_Woodpecker_0017_181131.jpg,26.0|126.0|246.0|290.0,188
3821,128.Seaside_Sparrow/Seaside_Sparrow_0001_120720.jpg,72.0|144.0|243.0|334.0,127
3811,128.Seaside_Sparrow/Seaside_Sparrow_0047_796520.jpg,11.0|53.0|177.0|221.0,127
903,031.Black_billed_Cuckoo/Black_Billed_Cuckoo_0079_26180.jpg,15.0|14.0|228.0|488.0,30
3751,126.Nelson_Sharp_tailed_Sparrow/Nelson_Sharp_Tailed_Sparrow_0049_118033.jpg,231.0|151.0|369.0|284.0,125
2107,071.Long_tailed_Jaeger/Long_Tailed_Jaeger_0022_797074.jpg,75.0|23.0|491.0|246.0,70
449,015.Lazuli_Bunting/Lazuli_Bunting_0087_15096.jpg,111.0|16.0|360.0|318.0,14
941,032.Mangrove_Cuckoo/Mangrove_Cuckoo_0044_26393.jpg,156.0|87.0|336.0|271.0,31
2867,096.Hooded_Oriole/Hooded_Oriole_0049_89955.jpg,72.0|102.0|306.0|443.0,95
3208,108.White_necked_Raven/White_Necked_Raven_0030_102701.jpg,120.0|116.0|431.0|285.0,107
5637,189.Red_bellied_Woodpecker/Red_Bellied_Woodpecker_0099_180766.jpg,59.0|23.0|261.0|489.0,188
1308,044.Frigatebird/Frigatebird_0006_43381.jpg,175.0|64.0|291.0|219.0,43
4566,153.Philadelphia_Vireo/Philadelphia_Vireo_0013_794772.jpg,184.0|12.0|382.0|219.0,152
4896,164.Cerulean_Warbler/Cerulean_Warbler_0080_163399.jpg,137.0|129.0|303.0|236.0,163
3165,106.Horned_Puffin/Horned_Puffin_0042_100760.jpg,122.0|45.0|498.0|397.0,105
5311,178.Swainson_Warbler/Swainson_Warbler_0021_794898.jpg,30.0|41.0|375.0|238.0,177
606,021.Eastern_Towhee/Eastern_Towhee_0075_22588.jpg,142.0|61.0|405.0|271.0,20
209,007.Parakeet_Auklet/Parakeet_Auklet_0024_2045.jpg,178.0|129.0|313.0|284.0,6
4297,144.Common_Tern/Common_Tern_0062_147947.jpg,93.0|41.0|229.0|352.0,143
3729,125.Lincoln_Sparrow/Lincoln_Sparrow_0072_117951.jpg,216.0|24.0|498.0|210.0,124
3623,121.Grasshopper_Sparrow/Grasshopper_Sparrow_0019_115958.jpg,167.0|95.0|440.0|323.0,120
4981,167.Hooded_Warbler/Hooded_Warbler_0115_165041.jpg,94.0|23.0|360.0|312.0,166
5477,183.Northern_Waterthrush/Northern_Waterthrush_0055_177114.jpg,129.0|110.0|481.0|278.0,182
4317,145.Elegant_Tern/Elegant_Tern_0066_150864.jpg,10.0|109.0|215.0|250.0,144
3361,113.Baird_Sparrow/Baird_Sparrow_0032_794553.jpg,99.0|173.0|289.0|420.0,112
1561,053.Western_Grebe/Western_Grebe_0046_36118.jpg,167.0|68.0|405.0|312.0,52
2852,096.Hooded_Oriole/Hooded_Oriole_0126_90319.jpg,216.0|89.0|333.0|281.0,95
168,006.Least_Auklet/Least_Auklet_0034_795096.jpg,24.0|21.0|265.0|438.0,5
1392,047.American_Goldfinch/American_Goldfinch_0126_32480.jpg,109.0|63.0|250.0|235.0,46
136,005.Crested_Auklet/Crested_Auklet_0033_794964.jpg,252.0|54.0|363.0|265.0,4
4863,163.Cape_May_Warbler/Cape_May_Warbler_0043_163172.jpg,231.0|222.0|390.0|373.0,162
4961,166.Golden_winged_Warbler/Golden_Winged_Warbler_0068_794825.jpg,161.0|108.0|272.0|230.0,165
2389,080.Green_Kingfisher/Green_Kingfisher_0005_71352.jpg,110.0|75.0|300.0|330.0,79
5181,173.Orange_crowned_Warbler/Orange_Crowned_Warbler_0087_168439.jpg,181.0|79.0|366.0|190.0,172
4525,152.Blue_headed_Vireo/Blue_Headed_Vireo_0020_155994.jpg,128.0|128.0|277.0|266.0,151
1823,061.Heermann_Gull/Heermann_Gull_0043_45939.jpg,7.0|25.0|377.0|321.0,60
5268,176.Prairie_Warbler/Prairie_Warbler_0112_173383.jpg,132.0|73.0|304.0|235.0,175
5854,196.House_Wren/House_Wren_0133_187101.jpg,139.0|114.0|435.0|421.0,195
1162,039.Least_Flycatcher/Least_Flycatcher_0082_30132.jpg,57.0|85.0|392.0|398.0,38
2282,077.Tropical_Kingbird/Tropical_Kingbird_0004_69659.jpg,144.0|49.0|387.0|311.0,76
24,001.Black_footed_Albatross/Black_Footed_Albatross_0039_796132.jpg,151.0|152.0|461.0|352.0,0
2860,096.Hooded_Oriole/Hooded_Oriole_0106_90899.jpg,84.0|50.0|446.0|364.0,95
4262,143.Caspian_Tern/Caspian_Tern_0123_145774.jpg,121.0|34.0|308.0|302.0,142
3510,118.House_Sparrow/House_Sparrow_0073_112745.jpg,237.0|83.0|404.0|333.0,117
5446,182.Yellow_Warbler/Yellow_Warbler_0087_176591.jpg,171.0|143.0|279.0|258.0,181
5627,188.Pileated_Woodpecker/Pileated_Woodpecker_0112_180439.jpg,118.0|76.0|309.0|355.0,187
5237,175.Pine_Warbler/Pine_Warbler_0046_171452.jpg,112.0|106.0|335.0|290.0,174
1488,050.Eared_Grebe/Eared_Grebe_0052_34205.jpg,63.0|49.0|399.0|214.0,49
1552,052.Pied_billed_Grebe/Pied_Billed_Grebe_0052_35937.jpg,134.0|110.0|414.0|249.0,51
2187,074.Florida_Jay/Florida_Jay_0037_64515.jpg,48.0|18.0|264.0|486.0,73
3091,104.American_Pipit/American_Pipit_0082_99867.jpg,24.0|109.0|253.0|246.0,103
2344,079.Belted_Kingfisher/Belted_Kingfisher_0082_70711.jpg,151.0|149.0|283.0|278.0,78
770,026.Bronzed_Cowbird/Bronzed_Cowbird_0090_24179.jpg,141.0|31.0|378.0|298.0,25
637,022.Chuck_will_Widow/Chuck_Will_Widow_0026_796963.jpg,8.0|12.0|349.0|245.0,21
5491,184.Louisiana_Waterthrush/Louisiana_Waterthrush_0014_795238.jpg,57.0|49.0|327.0|222.0,183
275,010.Red_winged_Blackbird/Red_Winged_Blackbird_0005_5636.jpg,147.0|39.0|284.0|316.0,9
5200,174.Palm_Warbler/Palm_Warbler_0001_170297.jpg,197.0|107.0|362.0|225.0,173
4226,142.Black_Tern/Black_Tern_0080_144130.jpg,231.0|9.0|397.0|332.0,141
3455,116.Chipping_Sparrow/Chipping_Sparrow_0098_108644.jpg,135.0|60.0|326.0|203.0,115
5632,189.Red_bellied_Woodpecker/Red_Bellied_Woodpecker_0069_181248.jpg,128.0|83.0|396.0|431.0,188
1472,050.Eared_Grebe/Eared_Grebe_0053_34084.jpg,206.0|62.0|454.0|210.0,49
2767,093.Clark_Nutcracker/Clark_Nutcracker_0069_84767.jpg,152.0|134.0|330.0|267.0,92
5251,176.Prairie_Warbler/Prairie_Warbler_0002_172622.jpg,46.0|89.0|310.0|294.0,175
4870,163.Cape_May_Warbler/Cape_May_Warbler_0111_162959.jpg,47.0|151.0|347.0|288.0,162
4180,140.Summer_Tanager/Summer_Tanager_0032_140425.jpg,70.0|61.0|226.0|304.0,139
2446,082.Ringed_Kingfisher/Ringed_Kingfisher_0053_72875.jpg,214.0|24.0|480.0|329.0,81
3191,107.Common_Raven/Common_Raven_0037_101096.jpg,169.0|58.0|301.0|220.0,106
4071,136.Barn_Swallow/Barn_Swallow_0002_130551.jpg,6.0|30.0|474.0|424.0,135
2930,098.Scott_Oriole/Scott_Oriole_0022_92356.jpg,187.0|158.0|383.0|272.0,97
2723,091.Mockingbird/Mockingbird_0059_82126.jpg,28.0|44.0|391.0|330.0,90
423,015.Lazuli_Bunting/Lazuli_Bunting_0034_14864.jpg,29.0|47.0|258.0|224.0,14
4851,162.Canada_Warbler/Canada_Warbler_0032_162229.jpg,139.0|103.0|355.0|294.0,161
2163,073.Blue_Jay/Blue_Jay_0102_61494.jpg,106.0|125.0|340.0|444.0,72
2732,092.Nighthawk/Nighthawk_0061_82509.jpg,73.0|170.0|340.0|390.0,91
